"","X.3","X.2","X.1","X","srvy","common_name","species_code","filter_lat_lt","filter_lat_gt","filter_depth","model_fn","model_family","model_anisotropy","model_spatiotemporal","file_name","effort","term","estimate","std.error","conf.low","conf.high"
"1",1,1,1,1,"AI","flathead sole",10130,NA,NA,NA,"total_catch_wt_kg ~ 0 + factor(year)","delta_gamma",TRUE,"iid, iid","flathead_sole","08_3","factor(year)1991",18.8645900151054,1396.84550445535,-2718.90229068406,2756.63147071427
"2",2,2,2,2,"AI","flathead sole",10130,NA,NA,NA,"total_catch_wt_kg ~ 0 + factor(year)","delta_gamma",TRUE,"iid, iid","flathead_sole","08_3","factor(year)1994",18.6141164123919,1055.33351293785,-2049.80156062393,2087.02979344871
"3",3,3,3,3,"AI","flathead sole",10130,NA,NA,NA,"total_catch_wt_kg ~ 0 + factor(year)","delta_gamma",TRUE,"iid, iid","flathead_sole","08_3","factor(year)1997",18.3568755244881,955.054155844857,-1853.51487321674,1890.22862426571
"4",4,4,4,4,"AI","flathead sole",10130,NA,NA,NA,"total_catch_wt_kg ~ 0 + factor(year)","delta_gamma",TRUE,"iid, iid","flathead_sole","08_3","factor(year)2000",19.3303230818884,1468.8298264782,-2859.52323623359,2898.18388239737
"5",5,5,5,5,"AI","flathead sole",10130,NA,NA,NA,"total_catch_wt_kg ~ 0 + factor(year)","delta_gamma",TRUE,"iid, iid","flathead_sole","08_3","factor(year)2002",20.1007432475458,2321.01381978374,-4529.00275114832,4569.20423764341
"6",6,6,6,6,"AI","flathead sole",10130,NA,NA,NA,"total_catch_wt_kg ~ 0 + factor(year)","delta_gamma",TRUE,"iid, iid","flathead_sole","08_3","factor(year)2004",20.2235956092792,2279.37964861389,-4447.2784227675,4487.72561398606
"7",7,7,7,7,"AI","flathead sole",10130,NA,NA,NA,"total_catch_wt_kg ~ 0 + factor(year)","delta_gamma",TRUE,"iid, iid","flathead_sole","08_3","factor(year)2006",20.4582324522247,2720.72818145774,-5312.07101492811,5352.98747983256
"8",8,8,8,8,"AI","flathead sole",10130,NA,NA,NA,"total_catch_wt_kg ~ 0 + factor(year)","delta_gamma",TRUE,"iid, iid","flathead_sole","08_3","factor(year)2010",19.9062035542976,2005.76133074192,-3911.31376628299,3951.12617339159
"9",9,9,9,9,"AI","flathead sole",10130,NA,NA,NA,"total_catch_wt_kg ~ 0 + factor(year)","delta_gamma",TRUE,"iid, iid","flathead_sole","08_3","factor(year)2012",18.6118541521514,1021.59711528599,-1983.6816985184,2020.9054068227
"10",10,10,10,10,"AI","flathead sole",10130,NA,NA,NA,"total_catch_wt_kg ~ 0 + factor(year)","delta_gamma",TRUE,"iid, iid","flathead_sole","08_3","factor(year)2014",20.2410402464857,2215.9103297605,-4322.86339905436,4363.34547954733
"11",11,11,11,11,"AI","flathead sole",10130,NA,NA,NA,"total_catch_wt_kg ~ 0 + factor(year)","delta_gamma",TRUE,"iid, iid","flathead_sole","08_3","factor(year)2016",20.1044927340875,1988.43395353536,-3877.15444183181,3917.36342729998
"12",12,12,12,12,"AI","flathead sole",10130,NA,NA,NA,"total_catch_wt_kg ~ 0 + factor(year)","delta_gamma",TRUE,"iid, iid","flathead_sole","08_3","factor(year)2018",19.1143813501509,1234.72986827931,-2400.91169111318,2439.14045381348
"13",13,13,13,13,"AI","flathead sole",10130,NA,NA,NA,"total_catch_wt_kg ~ 0 + factor(year)","delta_gamma",TRUE,"iid, iid","flathead_sole","08_3","factor(year)2022",21.0494340809081,3185.47803617759,-6222.37279037055,6264.47165853236
"14",14,14,14,14,"AI","flathead sole",10130,NA,NA,NA,"total_catch_wt_kg ~ 0 + factor(year)","delta_gamma",TRUE,"iid, iid","flathead_sole","08_3","factor(year)2024",19.4126324772272,1627.57693000165,-3170.57953239428,3209.40479734873
"15",15,15,15,NA,"AI","flathead sole",10130,NA,NA,NA,"total_catch_wt_kg ~ 0 + factor(year)","delta_gamma",TRUE,"iid, iid","flathead_sole","1_1","factor(year)1991",19.1299161850929,1288.90059039674,-2507.06882064494,2545.32865301512
"16",16,16,16,NA,"AI","flathead sole",10130,NA,NA,NA,"total_catch_wt_kg ~ 0 + factor(year)","delta_gamma",TRUE,"iid, iid","flathead_sole","1_1","factor(year)1994",19.3282247162634,1018.34989178594,-1976.60088684444,2015.25733627696
"17",17,17,17,NA,"AI","flathead sole",10130,NA,NA,NA,"total_catch_wt_kg ~ 0 + factor(year)","delta_gamma",TRUE,"iid, iid","flathead_sole","1_1","factor(year)1997",19.2376740645336,1213.42895946932,-2359.03938429324,2397.51473242231
"18",18,18,18,NA,"AI","flathead sole",10130,NA,NA,NA,"total_catch_wt_kg ~ 0 + factor(year)","delta_gamma",TRUE,"iid, iid","flathead_sole","1_1","factor(year)2000",19.3414815464552,1156.76113078454,-2247.86867350707,2286.55163659998
"19",19,19,19,NA,"AI","flathead sole",10130,NA,NA,NA,"total_catch_wt_kg ~ 0 + factor(year)","delta_gamma",TRUE,"iid, iid","flathead_sole","1_1","factor(year)2002",19.2432372549326,1329.88898490288,-2587.29127659124,2625.77775110111
"20",20,20,20,NA,"AI","flathead sole",10130,NA,NA,NA,"total_catch_wt_kg ~ 0 + factor(year)","delta_gamma",TRUE,"iid, iid","flathead_sole","1_1","factor(year)2004",19.4048573973322,1155.19584704793,-2244.73739790686,2283.54711270152
"21",21,21,21,NA,"AI","flathead sole",10130,NA,NA,NA,"total_catch_wt_kg ~ 0 + factor(year)","delta_gamma",TRUE,"iid, iid","flathead_sole","1_1","factor(year)2006",19.2545618231523,884.499596103041,-1714.33279087903,1752.84191452534
"22",22,22,22,NA,"AI","flathead sole",10130,NA,NA,NA,"total_catch_wt_kg ~ 0 + factor(year)","delta_gamma",TRUE,"iid, iid","flathead_sole","1_1","factor(year)2010",19.3688826524563,1360.79227609472,-2647.73496893349,2686.4727342384
"23",23,23,23,NA,"AI","flathead sole",10130,NA,NA,NA,"total_catch_wt_kg ~ 0 + factor(year)","delta_gamma",TRUE,"iid, iid","flathead_sole","1_1","factor(year)2012",19.4350829763133,1262.42393835324,-2454.87036941726,2493.74053536988
"24",24,24,24,NA,"AI","flathead sole",10130,NA,NA,NA,"total_catch_wt_kg ~ 0 + factor(year)","delta_gamma",TRUE,"iid, iid","flathead_sole","1_1","factor(year)2014",19.4666497104087,1216.59307802743,-2365.01196706407,2403.94526648489
"25",25,25,25,NA,"AI","flathead sole",10130,NA,NA,NA,"total_catch_wt_kg ~ 0 + factor(year)","delta_gamma",TRUE,"iid, iid","flathead_sole","1_1","factor(year)2016",19.5166130040551,567.372850129434,-1092.51373905548,1131.54696506359
"26",26,26,26,NA,"AI","flathead sole",10130,NA,NA,NA,"total_catch_wt_kg ~ 0 + factor(year)","delta_gamma",TRUE,"iid, iid","flathead_sole","1_1","factor(year)2018",19.5166126409797,1251.74100629425,-2433.85067766767,2472.88390294963
"27",27,27,27,NA,"AI","flathead sole",10130,NA,NA,NA,"total_catch_wt_kg ~ 0 + factor(year)","delta_gamma",TRUE,"iid, iid","flathead_sole","1_1","factor(year)2022",19.5252532441928,1302.42737047953,-2533.1854853749,2572.23599186328
"28",28,28,28,NA,"AI","flathead sole",10130,NA,NA,NA,"total_catch_wt_kg ~ 0 + factor(year)","delta_gamma",TRUE,"iid, iid","flathead_sole","1_1","factor(year)2024",19.2661578693961,1330.1132358661,-2587.7078797882,2626.24019552699
"29",29,29,NA,NA,"AI","flathead sole",10130,NA,NA,NA,"total_catch_wt_kg ~ 0 + factor(year)","delta_gamma",TRUE,"iid, iid","flathead_sole","08_3","factor(year)1991",18.8645900151054,1396.84550445535,-2718.90229068406,2756.63147071427
"30",30,30,NA,NA,"AI","flathead sole",10130,NA,NA,NA,"total_catch_wt_kg ~ 0 + factor(year)","delta_gamma",TRUE,"iid, iid","flathead_sole","08_3","factor(year)1994",18.6141164123919,1055.33351293785,-2049.80156062393,2087.02979344871
"31",31,31,NA,NA,"AI","flathead sole",10130,NA,NA,NA,"total_catch_wt_kg ~ 0 + factor(year)","delta_gamma",TRUE,"iid, iid","flathead_sole","08_3","factor(year)1997",18.3568755244881,955.054155844857,-1853.51487321674,1890.22862426571
"32",32,32,NA,NA,"AI","flathead sole",10130,NA,NA,NA,"total_catch_wt_kg ~ 0 + factor(year)","delta_gamma",TRUE,"iid, iid","flathead_sole","08_3","factor(year)2000",19.3303230818884,1468.8298264782,-2859.52323623359,2898.18388239737
"33",33,33,NA,NA,"AI","flathead sole",10130,NA,NA,NA,"total_catch_wt_kg ~ 0 + factor(year)","delta_gamma",TRUE,"iid, iid","flathead_sole","08_3","factor(year)2002",20.1007432475458,2321.01381978374,-4529.00275114832,4569.20423764341
"34",34,34,NA,NA,"AI","flathead sole",10130,NA,NA,NA,"total_catch_wt_kg ~ 0 + factor(year)","delta_gamma",TRUE,"iid, iid","flathead_sole","08_3","factor(year)2004",20.2235956092792,2279.37964861389,-4447.2784227675,4487.72561398606
"35",35,35,NA,NA,"AI","flathead sole",10130,NA,NA,NA,"total_catch_wt_kg ~ 0 + factor(year)","delta_gamma",TRUE,"iid, iid","flathead_sole","08_3","factor(year)2006",20.4582324522247,2720.72818145774,-5312.07101492811,5352.98747983256
"36",36,36,NA,NA,"AI","flathead sole",10130,NA,NA,NA,"total_catch_wt_kg ~ 0 + factor(year)","delta_gamma",TRUE,"iid, iid","flathead_sole","08_3","factor(year)2010",19.9062035542976,2005.76133074192,-3911.31376628299,3951.12617339159
"37",37,37,NA,NA,"AI","flathead sole",10130,NA,NA,NA,"total_catch_wt_kg ~ 0 + factor(year)","delta_gamma",TRUE,"iid, iid","flathead_sole","08_3","factor(year)2012",18.6118541521514,1021.59711528599,-1983.6816985184,2020.9054068227
"38",38,38,NA,NA,"AI","flathead sole",10130,NA,NA,NA,"total_catch_wt_kg ~ 0 + factor(year)","delta_gamma",TRUE,"iid, iid","flathead_sole","08_3","factor(year)2014",20.2410402464857,2215.9103297605,-4322.86339905436,4363.34547954733
"39",39,39,NA,NA,"AI","flathead sole",10130,NA,NA,NA,"total_catch_wt_kg ~ 0 + factor(year)","delta_gamma",TRUE,"iid, iid","flathead_sole","08_3","factor(year)2016",20.1044927340875,1988.43395353536,-3877.15444183181,3917.36342729998
"40",40,40,NA,NA,"AI","flathead sole",10130,NA,NA,NA,"total_catch_wt_kg ~ 0 + factor(year)","delta_gamma",TRUE,"iid, iid","flathead_sole","08_3","factor(year)2018",19.1143813501509,1234.72986827931,-2400.91169111318,2439.14045381348
"41",41,41,NA,NA,"AI","flathead sole",10130,NA,NA,NA,"total_catch_wt_kg ~ 0 + factor(year)","delta_gamma",TRUE,"iid, iid","flathead_sole","08_3","factor(year)2022",21.0494340809081,3185.47803617759,-6222.37279037055,6264.47165853236
"42",42,42,NA,NA,"AI","flathead sole",10130,NA,NA,NA,"total_catch_wt_kg ~ 0 + factor(year)","delta_gamma",TRUE,"iid, iid","flathead_sole","08_3","factor(year)2024",19.4126324772272,1627.57693000165,-3170.57953239428,3209.40479734873
"43",43,NA,NA,NA,"AI","flathead sole",10130,NA,NA,NA,"total_catch_wt_kg ~ 0 + factor(year)","delta_gamma",TRUE,"iid, iid","flathead_sole","1_1","factor(year)1991",19.1299161850929,1288.90059039674,-2507.06882064494,2545.32865301512
"44",44,NA,NA,NA,"AI","flathead sole",10130,NA,NA,NA,"total_catch_wt_kg ~ 0 + factor(year)","delta_gamma",TRUE,"iid, iid","flathead_sole","1_1","factor(year)1994",19.3282247162634,1018.34989178594,-1976.60088684444,2015.25733627696
"45",45,NA,NA,NA,"AI","flathead sole",10130,NA,NA,NA,"total_catch_wt_kg ~ 0 + factor(year)","delta_gamma",TRUE,"iid, iid","flathead_sole","1_1","factor(year)1997",19.2376740645336,1213.42895946932,-2359.03938429324,2397.51473242231
"46",46,NA,NA,NA,"AI","flathead sole",10130,NA,NA,NA,"total_catch_wt_kg ~ 0 + factor(year)","delta_gamma",TRUE,"iid, iid","flathead_sole","1_1","factor(year)2000",19.3414815464552,1156.76113078454,-2247.86867350707,2286.55163659998
"47",47,NA,NA,NA,"AI","flathead sole",10130,NA,NA,NA,"total_catch_wt_kg ~ 0 + factor(year)","delta_gamma",TRUE,"iid, iid","flathead_sole","1_1","factor(year)2002",19.2432372549326,1329.88898490288,-2587.29127659124,2625.77775110111
"48",48,NA,NA,NA,"AI","flathead sole",10130,NA,NA,NA,"total_catch_wt_kg ~ 0 + factor(year)","delta_gamma",TRUE,"iid, iid","flathead_sole","1_1","factor(year)2004",19.4048573973322,1155.19584704793,-2244.73739790686,2283.54711270152
"49",49,NA,NA,NA,"AI","flathead sole",10130,NA,NA,NA,"total_catch_wt_kg ~ 0 + factor(year)","delta_gamma",TRUE,"iid, iid","flathead_sole","1_1","factor(year)2006",19.2545618231523,884.499596103041,-1714.33279087903,1752.84191452534
"50",50,NA,NA,NA,"AI","flathead sole",10130,NA,NA,NA,"total_catch_wt_kg ~ 0 + factor(year)","delta_gamma",TRUE,"iid, iid","flathead_sole","1_1","factor(year)2010",19.3688826524563,1360.79227609472,-2647.73496893349,2686.4727342384
"51",51,NA,NA,NA,"AI","flathead sole",10130,NA,NA,NA,"total_catch_wt_kg ~ 0 + factor(year)","delta_gamma",TRUE,"iid, iid","flathead_sole","1_1","factor(year)2012",19.4350829763133,1262.42393835324,-2454.87036941726,2493.74053536988
"52",52,NA,NA,NA,"AI","flathead sole",10130,NA,NA,NA,"total_catch_wt_kg ~ 0 + factor(year)","delta_gamma",TRUE,"iid, iid","flathead_sole","1_1","factor(year)2014",19.4666497104087,1216.59307802743,-2365.01196706407,2403.94526648489
"53",53,NA,NA,NA,"AI","flathead sole",10130,NA,NA,NA,"total_catch_wt_kg ~ 0 + factor(year)","delta_gamma",TRUE,"iid, iid","flathead_sole","1_1","factor(year)2016",19.5166130040551,567.372850129434,-1092.51373905548,1131.54696506359
"54",54,NA,NA,NA,"AI","flathead sole",10130,NA,NA,NA,"total_catch_wt_kg ~ 0 + factor(year)","delta_gamma",TRUE,"iid, iid","flathead_sole","1_1","factor(year)2018",19.5166126409797,1251.74100629425,-2433.85067766767,2472.88390294963
"55",55,NA,NA,NA,"AI","flathead sole",10130,NA,NA,NA,"total_catch_wt_kg ~ 0 + factor(year)","delta_gamma",TRUE,"iid, iid","flathead_sole","1_1","factor(year)2022",19.5252532441928,1302.42737047953,-2533.1854853749,2572.23599186328
"56",56,NA,NA,NA,"AI","flathead sole",10130,NA,NA,NA,"total_catch_wt_kg ~ 0 + factor(year)","delta_gamma",TRUE,"iid, iid","flathead_sole","1_1","factor(year)2024",19.2661578693961,1330.1132358661,-2587.7078797882,2626.24019552699
"57",1,1,1,1,"AI","northern rockfish",30420,NA,NA,NA,"total_catch_wt_kg ~ 0 + factor(year)","delta_gamma",TRUE,"iid, iid","northern_rockfish","08_3","factor(year)1991",18.0922991786734,861.525388769074,-1670.46643457558,1706.65103293293
"58",2,2,2,2,"AI","northern rockfish",30420,NA,NA,NA,"total_catch_wt_kg ~ 0 + factor(year)","delta_gamma",TRUE,"iid, iid","northern_rockfish","08_3","factor(year)1994",17.830416767919,789.02836120425,-1528.63675397307,1564.29758750891
"59",3,3,3,3,"AI","northern rockfish",30420,NA,NA,NA,"total_catch_wt_kg ~ 0 + factor(year)","delta_gamma",TRUE,"iid, iid","northern_rockfish","08_3","factor(year)1997",18.2712565910484,918.785070810218,-1782.51439173006,1819.05690491216
"60",4,4,4,4,"AI","northern rockfish",30420,NA,NA,NA,"total_catch_wt_kg ~ 0 + factor(year)","delta_gamma",TRUE,"iid, iid","northern_rockfish","08_3","factor(year)2000",18.5833384395242,1034.15363244491,-2008.32053563376,2045.48721251281
"61",5,5,5,5,"AI","northern rockfish",30420,NA,NA,NA,"total_catch_wt_kg ~ 0 + factor(year)","delta_gamma",TRUE,"iid, iid","northern_rockfish","08_3","factor(year)2002",19.3530595675316,1414.2384225699,-2752.5033142222,2791.20943335726
"62",6,6,6,6,"AI","northern rockfish",30420,NA,NA,NA,"total_catch_wt_kg ~ 0 + factor(year)","delta_gamma",TRUE,"iid, iid","northern_rockfish","08_3","factor(year)2004",21.4602673790068,3569.2515115087,-6974.1441469432,7017.06468170121
"63",7,7,7,7,"AI","northern rockfish",30420,NA,NA,NA,"total_catch_wt_kg ~ 0 + factor(year)","delta_gamma",TRUE,"iid, iid","northern_rockfish","08_3","factor(year)2006",19.5034844792832,1507.01492875019,-2934.19150003529,2973.19846899386
"64",8,8,8,8,"AI","northern rockfish",30420,NA,NA,NA,"total_catch_wt_kg ~ 0 + factor(year)","delta_gamma",TRUE,"iid, iid","northern_rockfish","08_3","factor(year)2010",21.2724847601287,3279.51709962139,-6406.46291718104,6449.0078867013
"65",9,9,9,9,"AI","northern rockfish",30420,NA,NA,NA,"total_catch_wt_kg ~ 0 + factor(year)","delta_gamma",TRUE,"iid, iid","northern_rockfish","08_3","factor(year)2012",20.3723109265487,2195.7153779545,-4283.15075016503,4323.89537201812
"66",10,10,10,10,"AI","northern rockfish",30420,NA,NA,NA,"total_catch_wt_kg ~ 0 + factor(year)","delta_gamma",TRUE,"iid, iid","northern_rockfish","08_3","factor(year)2014",21.0257266322013,2935.55360446772,-5732.55361281127,5774.60506607567
"67",11,11,11,11,"AI","northern rockfish",30420,NA,NA,NA,"total_catch_wt_kg ~ 0 + factor(year)","delta_gamma",TRUE,"iid, iid","northern_rockfish","08_3","factor(year)2016",23.6150694279885,9564.78048797762,-18723.0102070396,18770.2403458956
"68",12,12,12,12,"AI","northern rockfish",30420,NA,NA,NA,"total_catch_wt_kg ~ 0 + factor(year)","delta_gamma",TRUE,"iid, iid","northern_rockfish","08_3","factor(year)2018",22.952885851605,7050.12228510851,-13795.0328795643,13840.9386512675
"69",13,13,13,13,"AI","northern rockfish",30420,NA,NA,NA,"total_catch_wt_kg ~ 0 + factor(year)","delta_gamma",TRUE,"iid, iid","northern_rockfish","08_3","factor(year)2022",21.2103915582102,3189.17988375728,-6229.4673208257,6271.88810394212
"70",14,14,14,14,"AI","northern rockfish",30420,NA,NA,NA,"total_catch_wt_kg ~ 0 + factor(year)","delta_gamma",TRUE,"iid, iid","northern_rockfish","08_3","factor(year)2024",21.0257266330281,2935.55417995042,-5732.55474073581,5774.60619400187
"71",15,15,15,NA,"AI","northern rockfish",30420,NA,NA,NA,"total_catch_wt_kg ~ 0 + factor(year)","delta_gamma",TRUE,"iid, iid","northern_rockfish","1_1","factor(year)1991",20.5697893306678,2592.98158718207,-5061.5807341217,5102.72031278304
"72",16,16,16,NA,"AI","northern rockfish",30420,NA,NA,NA,"total_catch_wt_kg ~ 0 + factor(year)","delta_gamma",TRUE,"iid, iid","northern_rockfish","1_1","factor(year)1994",20.6033720894865,2825.72805184413,-5517.72183962954,5558.92858380851
"73",17,17,17,NA,"AI","northern rockfish",30420,NA,NA,NA,"total_catch_wt_kg ~ 0 + factor(year)","delta_gamma",TRUE,"iid, iid","northern_rockfish","1_1","factor(year)1997",20.5301721804774,2323.50326239093,-4533.45254006706,4574.51288442801
"74",18,18,18,NA,"AI","northern rockfish",30420,NA,NA,NA,"total_catch_wt_kg ~ 0 + factor(year)","delta_gamma",TRUE,"iid, iid","northern_rockfish","1_1","factor(year)2000",20.5230695465009,2397.53930901248,-4678.567627637,4719.61376673001
"75",19,19,19,NA,"AI","northern rockfish",30420,NA,NA,NA,"total_catch_wt_kg ~ 0 + factor(year)","delta_gamma",TRUE,"iid, iid","northern_rockfish","1_1","factor(year)2002",20.4418056850569,2086.53852081389,-4069.09854746565,4109.98215883576
"76",20,20,20,NA,"AI","northern rockfish",30420,NA,NA,NA,"total_catch_wt_kg ~ 0 + factor(year)","delta_gamma",TRUE,"iid, iid","northern_rockfish","1_1","factor(year)2004",20.0717855023142,1583.63941522634,-3083.80443283939,3123.94800384402
"77",21,21,21,NA,"AI","northern rockfish",30420,NA,NA,NA,"total_catch_wt_kg ~ 0 + factor(year)","delta_gamma",TRUE,"iid, iid","northern_rockfish","1_1","factor(year)2006",20.3983482949427,1857.13032198445,-3619.51019739185,3660.30689398174
"78",22,22,22,NA,"AI","northern rockfish",30420,NA,NA,NA,"total_catch_wt_kg ~ 0 + factor(year)","delta_gamma",TRUE,"iid, iid","northern_rockfish","1_1","factor(year)2010",20.1001919215269,1664.93300188392,-3243.10852844311,3283.30891228616
"79",23,23,23,NA,"AI","northern rockfish",30420,NA,NA,NA,"total_catch_wt_kg ~ 0 + factor(year)","delta_gamma",TRUE,"iid, iid","northern_rockfish","1_1","factor(year)2012",20.2065818097988,1735.33349855643,-3380.98457652669,3421.39774014629
"80",24,24,24,NA,"AI","northern rockfish",30420,NA,NA,NA,"total_catch_wt_kg ~ 0 + factor(year)","delta_gamma",TRUE,"iid, iid","northern_rockfish","1_1","factor(year)2014",20.0129815756445,1494.41700163377,-2908.99051951088,2949.01648266217
"81",25,25,25,NA,"AI","northern rockfish",30420,NA,NA,NA,"total_catch_wt_kg ~ 0 + factor(year)","delta_gamma",TRUE,"iid, iid","northern_rockfish","1_1","factor(year)2016",19.6515183795459,1130.11528489966,-2195.33373840201,2234.6367751611
"82",26,26,26,NA,"AI","northern rockfish",30420,NA,NA,NA,"total_catch_wt_kg ~ 0 + factor(year)","delta_gamma",TRUE,"iid, iid","northern_rockfish","1_1","factor(year)2018",19.7666717259429,1240.24616316356,-2411.07114003863,2450.60448349052
"83",27,27,27,NA,"AI","northern rockfish",30420,NA,NA,NA,"total_catch_wt_kg ~ 0 + factor(year)","delta_gamma",TRUE,"iid, iid","northern_rockfish","1_1","factor(year)2022",20.071785501474,1529.13900573226,-2976.98559308915,3017.1291640921
"84",28,28,28,NA,"AI","northern rockfish",30420,NA,NA,NA,"total_catch_wt_kg ~ 0 + factor(year)","delta_gamma",TRUE,"iid, iid","northern_rockfish","1_1","factor(year)2024",20.1369754781308,1714.2532535683,-3339.73766189635,3380.01161285262
"85",29,29,NA,NA,"AI","northern rockfish",30420,NA,NA,NA,"total_catch_wt_kg ~ 0 + factor(year)","delta_gamma",TRUE,"iid, iid","northern_rockfish","08_3","factor(year)1991",18.0922991786734,861.525388769074,-1670.46643457558,1706.65103293293
"86",30,30,NA,NA,"AI","northern rockfish",30420,NA,NA,NA,"total_catch_wt_kg ~ 0 + factor(year)","delta_gamma",TRUE,"iid, iid","northern_rockfish","08_3","factor(year)1994",17.830416767919,789.02836120425,-1528.63675397307,1564.29758750891
"87",31,31,NA,NA,"AI","northern rockfish",30420,NA,NA,NA,"total_catch_wt_kg ~ 0 + factor(year)","delta_gamma",TRUE,"iid, iid","northern_rockfish","08_3","factor(year)1997",18.2712565910484,918.785070810218,-1782.51439173006,1819.05690491216
"88",32,32,NA,NA,"AI","northern rockfish",30420,NA,NA,NA,"total_catch_wt_kg ~ 0 + factor(year)","delta_gamma",TRUE,"iid, iid","northern_rockfish","08_3","factor(year)2000",18.5833384395242,1034.15363244491,-2008.32053563376,2045.48721251281
"89",33,33,NA,NA,"AI","northern rockfish",30420,NA,NA,NA,"total_catch_wt_kg ~ 0 + factor(year)","delta_gamma",TRUE,"iid, iid","northern_rockfish","08_3","factor(year)2002",19.3530595675316,1414.2384225699,-2752.5033142222,2791.20943335726
"90",34,34,NA,NA,"AI","northern rockfish",30420,NA,NA,NA,"total_catch_wt_kg ~ 0 + factor(year)","delta_gamma",TRUE,"iid, iid","northern_rockfish","08_3","factor(year)2004",21.4602673790068,3569.2515115087,-6974.1441469432,7017.06468170121
"91",35,35,NA,NA,"AI","northern rockfish",30420,NA,NA,NA,"total_catch_wt_kg ~ 0 + factor(year)","delta_gamma",TRUE,"iid, iid","northern_rockfish","08_3","factor(year)2006",19.5034844792832,1507.01492875019,-2934.19150003529,2973.19846899386
"92",36,36,NA,NA,"AI","northern rockfish",30420,NA,NA,NA,"total_catch_wt_kg ~ 0 + factor(year)","delta_gamma",TRUE,"iid, iid","northern_rockfish","08_3","factor(year)2010",21.2724847601287,3279.51709962139,-6406.46291718104,6449.0078867013
"93",37,37,NA,NA,"AI","northern rockfish",30420,NA,NA,NA,"total_catch_wt_kg ~ 0 + factor(year)","delta_gamma",TRUE,"iid, iid","northern_rockfish","08_3","factor(year)2012",20.3723109265487,2195.7153779545,-4283.15075016503,4323.89537201812
"94",38,38,NA,NA,"AI","northern rockfish",30420,NA,NA,NA,"total_catch_wt_kg ~ 0 + factor(year)","delta_gamma",TRUE,"iid, iid","northern_rockfish","08_3","factor(year)2014",21.0257266322013,2935.55360446772,-5732.55361281127,5774.60506607567
"95",39,39,NA,NA,"AI","northern rockfish",30420,NA,NA,NA,"total_catch_wt_kg ~ 0 + factor(year)","delta_gamma",TRUE,"iid, iid","northern_rockfish","08_3","factor(year)2016",23.6150694279885,9564.78048797762,-18723.0102070396,18770.2403458956
"96",40,40,NA,NA,"AI","northern rockfish",30420,NA,NA,NA,"total_catch_wt_kg ~ 0 + factor(year)","delta_gamma",TRUE,"iid, iid","northern_rockfish","08_3","factor(year)2018",22.952885851605,7050.12228510851,-13795.0328795643,13840.9386512675
"97",41,41,NA,NA,"AI","northern rockfish",30420,NA,NA,NA,"total_catch_wt_kg ~ 0 + factor(year)","delta_gamma",TRUE,"iid, iid","northern_rockfish","08_3","factor(year)2022",21.2103915582102,3189.17988375728,-6229.4673208257,6271.88810394212
"98",42,42,NA,NA,"AI","northern rockfish",30420,NA,NA,NA,"total_catch_wt_kg ~ 0 + factor(year)","delta_gamma",TRUE,"iid, iid","northern_rockfish","08_3","factor(year)2024",21.0257266330281,2935.55417995042,-5732.55474073581,5774.60619400187
"99",43,NA,NA,NA,"AI","northern rockfish",30420,NA,NA,NA,"total_catch_wt_kg ~ 0 + factor(year)","delta_gamma",TRUE,"iid, iid","northern_rockfish","1_1","factor(year)1991",20.5697893306678,2592.98158718207,-5061.5807341217,5102.72031278304
"100",44,NA,NA,NA,"AI","northern rockfish",30420,NA,NA,NA,"total_catch_wt_kg ~ 0 + factor(year)","delta_gamma",TRUE,"iid, iid","northern_rockfish","1_1","factor(year)1994",20.6033720894865,2825.72805184413,-5517.72183962954,5558.92858380851
"101",45,NA,NA,NA,"AI","northern rockfish",30420,NA,NA,NA,"total_catch_wt_kg ~ 0 + factor(year)","delta_gamma",TRUE,"iid, iid","northern_rockfish","1_1","factor(year)1997",20.5301721804774,2323.50326239093,-4533.45254006706,4574.51288442801
"102",46,NA,NA,NA,"AI","northern rockfish",30420,NA,NA,NA,"total_catch_wt_kg ~ 0 + factor(year)","delta_gamma",TRUE,"iid, iid","northern_rockfish","1_1","factor(year)2000",20.5230695465009,2397.53930901248,-4678.567627637,4719.61376673001
"103",47,NA,NA,NA,"AI","northern rockfish",30420,NA,NA,NA,"total_catch_wt_kg ~ 0 + factor(year)","delta_gamma",TRUE,"iid, iid","northern_rockfish","1_1","factor(year)2002",20.4418056850569,2086.53852081389,-4069.09854746565,4109.98215883576
"104",48,NA,NA,NA,"AI","northern rockfish",30420,NA,NA,NA,"total_catch_wt_kg ~ 0 + factor(year)","delta_gamma",TRUE,"iid, iid","northern_rockfish","1_1","factor(year)2004",20.0717855023142,1583.63941522634,-3083.80443283939,3123.94800384402
"105",49,NA,NA,NA,"AI","northern rockfish",30420,NA,NA,NA,"total_catch_wt_kg ~ 0 + factor(year)","delta_gamma",TRUE,"iid, iid","northern_rockfish","1_1","factor(year)2006",20.3983482949427,1857.13032198445,-3619.51019739185,3660.30689398174
"106",50,NA,NA,NA,"AI","northern rockfish",30420,NA,NA,NA,"total_catch_wt_kg ~ 0 + factor(year)","delta_gamma",TRUE,"iid, iid","northern_rockfish","1_1","factor(year)2010",20.1001919215269,1664.93300188392,-3243.10852844311,3283.30891228616
"107",51,NA,NA,NA,"AI","northern rockfish",30420,NA,NA,NA,"total_catch_wt_kg ~ 0 + factor(year)","delta_gamma",TRUE,"iid, iid","northern_rockfish","1_1","factor(year)2012",20.2065818097988,1735.33349855643,-3380.98457652669,3421.39774014629
"108",52,NA,NA,NA,"AI","northern rockfish",30420,NA,NA,NA,"total_catch_wt_kg ~ 0 + factor(year)","delta_gamma",TRUE,"iid, iid","northern_rockfish","1_1","factor(year)2014",20.0129815756445,1494.41700163377,-2908.99051951088,2949.01648266217
"109",53,NA,NA,NA,"AI","northern rockfish",30420,NA,NA,NA,"total_catch_wt_kg ~ 0 + factor(year)","delta_gamma",TRUE,"iid, iid","northern_rockfish","1_1","factor(year)2016",19.6515183795459,1130.11528489966,-2195.33373840201,2234.6367751611
"110",54,NA,NA,NA,"AI","northern rockfish",30420,NA,NA,NA,"total_catch_wt_kg ~ 0 + factor(year)","delta_gamma",TRUE,"iid, iid","northern_rockfish","1_1","factor(year)2018",19.7666717259429,1240.24616316356,-2411.07114003863,2450.60448349052
"111",55,NA,NA,NA,"AI","northern rockfish",30420,NA,NA,NA,"total_catch_wt_kg ~ 0 + factor(year)","delta_gamma",TRUE,"iid, iid","northern_rockfish","1_1","factor(year)2022",20.071785501474,1529.13900573226,-2976.98559308915,3017.1291640921
"112",56,NA,NA,NA,"AI","northern rockfish",30420,NA,NA,NA,"total_catch_wt_kg ~ 0 + factor(year)","delta_gamma",TRUE,"iid, iid","northern_rockfish","1_1","factor(year)2024",20.1369754781308,1714.2532535683,-3339.73766189635,3380.01161285262
"113",1,1,1,1,"AI","Pacific cod",21720,NA,NA,NA,"total_catch_wt_kg ~ 0 + factor(year)","delta_gamma",TRUE,"iid, iid","pacific_cod","08_3","factor(year)1991",20.3882857362414,1853.84147630555,-3613.0742408692,3653.85081234169
"114",2,2,2,2,"AI","Pacific cod",21720,NA,NA,NA,"total_catch_wt_kg ~ 0 + factor(year)","delta_gamma",TRUE,"iid, iid","pacific_cod","08_3","factor(year)1994",19.9248762621547,1288.95979425965,-2506.38989800691,2546.23965053122
"115",3,3,3,3,"AI","Pacific cod",21720,NA,NA,NA,"total_catch_wt_kg ~ 0 + factor(year)","delta_gamma",TRUE,"iid, iid","pacific_cod","08_3","factor(year)1997",20.522097498015,1823.62848140909,-3553.72404724528,3594.76824224131
"116",4,4,4,4,"AI","Pacific cod",21720,NA,NA,NA,"total_catch_wt_kg ~ 0 + factor(year)","delta_gamma",TRUE,"iid, iid","pacific_cod","08_3","factor(year)2000",20.6397183901547,1916.80187831057,-3736.22292859729,3777.5023653776
"117",5,5,5,5,"AI","Pacific cod",21720,NA,NA,NA,"total_catch_wt_kg ~ 0 + factor(year)","delta_gamma",TRUE,"iid, iid","pacific_cod","08_3","factor(year)2002",20.6424144662465,1986.31138425915,-3872.45636076359,3913.74118969608
"118",6,6,6,6,"AI","Pacific cod",21720,NA,NA,NA,"total_catch_wt_kg ~ 0 + factor(year)","delta_gamma",TRUE,"iid, iid","pacific_cod","08_3","factor(year)2004",19.895448761275,1392.30167014406,-2708.96568033604,2748.75657785859
"119",7,7,7,7,"AI","Pacific cod",21720,NA,NA,NA,"total_catch_wt_kg ~ 0 + factor(year)","delta_gamma",TRUE,"iid, iid","pacific_cod","08_3","factor(year)2006",20.6257520291471,2139.3993756745,-4172.51997284035,4213.77147689864
"120",8,8,8,8,"AI","Pacific cod",21720,NA,NA,NA,"total_catch_wt_kg ~ 0 + factor(year)","delta_gamma",TRUE,"iid, iid","pacific_cod","08_3","factor(year)2010",21.0636075283047,2288.47321607506,-4464.26147556335,4506.38869061996
"121",9,9,9,9,"AI","Pacific cod",21720,NA,NA,NA,"total_catch_wt_kg ~ 0 + factor(year)","delta_gamma",TRUE,"iid, iid","pacific_cod","08_3","factor(year)2012",20.7536578152646,835.400889514041,-1616.60199828498,1658.10931391551
"122",10,10,10,10,"AI","Pacific cod",21720,NA,NA,NA,"total_catch_wt_kg ~ 0 + factor(year)","delta_gamma",TRUE,"iid, iid","pacific_cod","08_3","factor(year)2014",20.6395823567285,1909.32639191196,-3721.57138052252,3762.85054523597
"123",11,11,11,11,"AI","Pacific cod",21720,NA,NA,NA,"total_catch_wt_kg ~ 0 + factor(year)","delta_gamma",TRUE,"iid, iid","pacific_cod","08_3","factor(year)2016",20.359997893374,1481.20193816866,-2882.74245474812,2923.46245053487
"124",12,12,12,12,"AI","Pacific cod",21720,NA,NA,NA,"total_catch_wt_kg ~ 0 + factor(year)","delta_gamma",TRUE,"iid, iid","pacific_cod","08_3","factor(year)2018",21.3005255218904,2492.69818910224,-4864.29814944671,4906.89920049049
"125",13,13,13,13,"AI","Pacific cod",21720,NA,NA,NA,"total_catch_wt_kg ~ 0 + factor(year)","delta_gamma",TRUE,"iid, iid","pacific_cod","08_3","factor(year)2022",20.9818313700586,1443.35561466893,-2807.94319026471,2849.90685300483
"126",14,14,14,14,"AI","Pacific cod",21720,NA,NA,NA,"total_catch_wt_kg ~ 0 + factor(year)","delta_gamma",TRUE,"iid, iid","pacific_cod","08_3","factor(year)2024",20.5054624190248,NA,NA,NA
"127",15,15,15,NA,"AI","Pacific cod",21720,NA,NA,NA,"total_catch_wt_kg ~ 0 + factor(year)","delta_gamma",TRUE,"iid, iid","pacific_cod","1_1","factor(year)1991",20.1719839765344,591.664373671344,-1139.46887935475,1179.81284730782
"128",16,16,16,NA,"AI","Pacific cod",21720,NA,NA,NA,"total_catch_wt_kg ~ 0 + factor(year)","delta_gamma",TRUE,"iid, iid","pacific_cod","1_1","factor(year)1994",20.2872970610362,1276.54076721751,-2481.68663148242,2522.26122560449
"129",17,17,17,NA,"AI","Pacific cod",21720,NA,NA,NA,"total_catch_wt_kg ~ 0 + factor(year)","delta_gamma",TRUE,"iid, iid","pacific_cod","1_1","factor(year)1997",20.2486615196807,1507.29751894982,-2934.00018960854,2974.4975126479
"130",18,18,18,NA,"AI","Pacific cod",21720,NA,NA,NA,"total_catch_wt_kg ~ 0 + factor(year)","delta_gamma",TRUE,"iid, iid","pacific_cod","1_1","factor(year)2000",20.276306913061,1537.29691978468,-2992.77028940927,3033.32290323539
"131",19,19,19,NA,"AI","Pacific cod",21720,NA,NA,NA,"total_catch_wt_kg ~ 0 + factor(year)","delta_gamma",TRUE,"iid, iid","pacific_cod","1_1","factor(year)2002",20.2064756908097,1613.25467754975,-3141.71459019747,3182.12754157909
"132",20,20,20,NA,"AI","Pacific cod",21720,NA,NA,NA,"total_catch_wt_kg ~ 0 + factor(year)","delta_gamma",TRUE,"iid, iid","pacific_cod","1_1","factor(year)2004",20.2090519935629,1703.02428750217,-3317.65721630767,3358.0753202948
"133",21,21,21,NA,"AI","Pacific cod",21720,NA,NA,NA,"total_catch_wt_kg ~ 0 + factor(year)","delta_gamma",TRUE,"iid, iid","pacific_cod","1_1","factor(year)2006",20.1414982284354,1565.4217696744,-3048.02879094834,3088.31178740521
"134",22,22,22,NA,"AI","Pacific cod",21720,NA,NA,NA,"total_catch_wt_kg ~ 0 + factor(year)","delta_gamma",TRUE,"iid, iid","pacific_cod","1_1","factor(year)2010",20.2533934334209,1431.95047798185,-2786.31797105593,2826.82475792277
"135",23,23,23,NA,"AI","Pacific cod",21720,NA,NA,NA,"total_catch_wt_kg ~ 0 + factor(year)","delta_gamma",TRUE,"iid, iid","pacific_cod","1_1","factor(year)2012",20.2740716107633,1584.26200985135,-3084.82240977293,3125.37055299445
"136",24,24,24,NA,"AI","Pacific cod",21720,NA,NA,NA,"total_catch_wt_kg ~ 0 + factor(year)","delta_gamma",TRUE,"iid, iid","pacific_cod","1_1","factor(year)2014",20.2486615242418,1491.33552730551,-2902.71526085962,2943.2125839081
"137",25,25,25,NA,"AI","Pacific cod",21720,NA,NA,NA,"total_catch_wt_kg ~ 0 + factor(year)","delta_gamma",TRUE,"iid, iid","pacific_cod","1_1","factor(year)2016",20.3164383967768,1418.23052436429,-2759.3643111326,2799.99718792615
"138",26,26,26,NA,"AI","Pacific cod",21720,NA,NA,NA,"total_catch_wt_kg ~ 0 + factor(year)","delta_gamma",TRUE,"iid, iid","pacific_cod","1_1","factor(year)2018",20.3628226951851,1345.22188569094,-2616.22362447412,2656.94926986449
"139",27,27,27,NA,"AI","Pacific cod",21720,NA,NA,NA,"total_catch_wt_kg ~ 0 + factor(year)","delta_gamma",TRUE,"iid, iid","pacific_cod","1_1","factor(year)2022",20.304240301629,1484.99464157806,-2890.23177442634,2930.8402550296
"140",28,28,28,NA,"AI","Pacific cod",21720,NA,NA,NA,"total_catch_wt_kg ~ 0 + factor(year)","delta_gamma",TRUE,"iid, iid","pacific_cod","1_1","factor(year)2024",20.0722634537039,1410.44448153478,-2744.34812254773,2784.49264945514
"141",29,29,NA,NA,"AI","Pacific cod",21720,NA,NA,NA,"total_catch_wt_kg ~ 0 + factor(year)","delta_gamma",TRUE,"iid, iid","pacific_cod","08_3","factor(year)1991",20.3882857362414,1853.84147630555,-3613.0742408692,3653.85081234169
"142",30,30,NA,NA,"AI","Pacific cod",21720,NA,NA,NA,"total_catch_wt_kg ~ 0 + factor(year)","delta_gamma",TRUE,"iid, iid","pacific_cod","08_3","factor(year)1994",19.9248762621547,1288.95979425965,-2506.38989800691,2546.23965053122
"143",31,31,NA,NA,"AI","Pacific cod",21720,NA,NA,NA,"total_catch_wt_kg ~ 0 + factor(year)","delta_gamma",TRUE,"iid, iid","pacific_cod","08_3","factor(year)1997",20.522097498015,1823.62848140909,-3553.72404724528,3594.76824224131
"144",32,32,NA,NA,"AI","Pacific cod",21720,NA,NA,NA,"total_catch_wt_kg ~ 0 + factor(year)","delta_gamma",TRUE,"iid, iid","pacific_cod","08_3","factor(year)2000",20.6397183901547,1916.80187831057,-3736.22292859729,3777.5023653776
"145",33,33,NA,NA,"AI","Pacific cod",21720,NA,NA,NA,"total_catch_wt_kg ~ 0 + factor(year)","delta_gamma",TRUE,"iid, iid","pacific_cod","08_3","factor(year)2002",20.6424144662465,1986.31138425915,-3872.45636076359,3913.74118969608
"146",34,34,NA,NA,"AI","Pacific cod",21720,NA,NA,NA,"total_catch_wt_kg ~ 0 + factor(year)","delta_gamma",TRUE,"iid, iid","pacific_cod","08_3","factor(year)2004",19.895448761275,1392.30167014406,-2708.96568033604,2748.75657785859
"147",35,35,NA,NA,"AI","Pacific cod",21720,NA,NA,NA,"total_catch_wt_kg ~ 0 + factor(year)","delta_gamma",TRUE,"iid, iid","pacific_cod","08_3","factor(year)2006",20.6257520291471,2139.3993756745,-4172.51997284035,4213.77147689864
"148",36,36,NA,NA,"AI","Pacific cod",21720,NA,NA,NA,"total_catch_wt_kg ~ 0 + factor(year)","delta_gamma",TRUE,"iid, iid","pacific_cod","08_3","factor(year)2010",21.0636075283047,2288.47321607506,-4464.26147556335,4506.38869061996
"149",37,37,NA,NA,"AI","Pacific cod",21720,NA,NA,NA,"total_catch_wt_kg ~ 0 + factor(year)","delta_gamma",TRUE,"iid, iid","pacific_cod","08_3","factor(year)2012",20.7536578152646,835.400889514041,-1616.60199828498,1658.10931391551
"150",38,38,NA,NA,"AI","Pacific cod",21720,NA,NA,NA,"total_catch_wt_kg ~ 0 + factor(year)","delta_gamma",TRUE,"iid, iid","pacific_cod","08_3","factor(year)2014",20.6395823567285,1909.32639191196,-3721.57138052252,3762.85054523597
"151",39,39,NA,NA,"AI","Pacific cod",21720,NA,NA,NA,"total_catch_wt_kg ~ 0 + factor(year)","delta_gamma",TRUE,"iid, iid","pacific_cod","08_3","factor(year)2016",20.359997893374,1481.20193816866,-2882.74245474812,2923.46245053487
"152",40,40,NA,NA,"AI","Pacific cod",21720,NA,NA,NA,"total_catch_wt_kg ~ 0 + factor(year)","delta_gamma",TRUE,"iid, iid","pacific_cod","08_3","factor(year)2018",21.3005255218904,2492.69818910224,-4864.29814944671,4906.89920049049
"153",41,41,NA,NA,"AI","Pacific cod",21720,NA,NA,NA,"total_catch_wt_kg ~ 0 + factor(year)","delta_gamma",TRUE,"iid, iid","pacific_cod","08_3","factor(year)2022",20.9818313700586,1443.35561466893,-2807.94319026471,2849.90685300483
"154",42,42,NA,NA,"AI","Pacific cod",21720,NA,NA,NA,"total_catch_wt_kg ~ 0 + factor(year)","delta_gamma",TRUE,"iid, iid","pacific_cod","08_3","factor(year)2024",20.5054624190248,NA,NA,NA
"155",43,NA,NA,NA,"AI","Pacific cod",21720,NA,NA,NA,"total_catch_wt_kg ~ 0 + factor(year)","delta_gamma",TRUE,"iid, iid","pacific_cod","1_1","factor(year)1991",20.1719839765344,591.664373671344,-1139.46887935475,1179.81284730782
"156",44,NA,NA,NA,"AI","Pacific cod",21720,NA,NA,NA,"total_catch_wt_kg ~ 0 + factor(year)","delta_gamma",TRUE,"iid, iid","pacific_cod","1_1","factor(year)1994",20.2872970610362,1276.54076721751,-2481.68663148242,2522.26122560449
"157",45,NA,NA,NA,"AI","Pacific cod",21720,NA,NA,NA,"total_catch_wt_kg ~ 0 + factor(year)","delta_gamma",TRUE,"iid, iid","pacific_cod","1_1","factor(year)1997",20.2486615196807,1507.29751894982,-2934.00018960854,2974.4975126479
"158",46,NA,NA,NA,"AI","Pacific cod",21720,NA,NA,NA,"total_catch_wt_kg ~ 0 + factor(year)","delta_gamma",TRUE,"iid, iid","pacific_cod","1_1","factor(year)2000",20.276306913061,1537.29691978468,-2992.77028940927,3033.32290323539
"159",47,NA,NA,NA,"AI","Pacific cod",21720,NA,NA,NA,"total_catch_wt_kg ~ 0 + factor(year)","delta_gamma",TRUE,"iid, iid","pacific_cod","1_1","factor(year)2002",20.2064756908097,1613.25467754975,-3141.71459019747,3182.12754157909
"160",48,NA,NA,NA,"AI","Pacific cod",21720,NA,NA,NA,"total_catch_wt_kg ~ 0 + factor(year)","delta_gamma",TRUE,"iid, iid","pacific_cod","1_1","factor(year)2004",20.2090519935629,1703.02428750217,-3317.65721630767,3358.0753202948
"161",49,NA,NA,NA,"AI","Pacific cod",21720,NA,NA,NA,"total_catch_wt_kg ~ 0 + factor(year)","delta_gamma",TRUE,"iid, iid","pacific_cod","1_1","factor(year)2006",20.1414982284354,1565.4217696744,-3048.02879094834,3088.31178740521
"162",50,NA,NA,NA,"AI","Pacific cod",21720,NA,NA,NA,"total_catch_wt_kg ~ 0 + factor(year)","delta_gamma",TRUE,"iid, iid","pacific_cod","1_1","factor(year)2010",20.2533934334209,1431.95047798185,-2786.31797105593,2826.82475792277
"163",51,NA,NA,NA,"AI","Pacific cod",21720,NA,NA,NA,"total_catch_wt_kg ~ 0 + factor(year)","delta_gamma",TRUE,"iid, iid","pacific_cod","1_1","factor(year)2012",20.2740716107633,1584.26200985135,-3084.82240977293,3125.37055299445
"164",52,NA,NA,NA,"AI","Pacific cod",21720,NA,NA,NA,"total_catch_wt_kg ~ 0 + factor(year)","delta_gamma",TRUE,"iid, iid","pacific_cod","1_1","factor(year)2014",20.2486615242418,1491.33552730551,-2902.71526085962,2943.2125839081
"165",53,NA,NA,NA,"AI","Pacific cod",21720,NA,NA,NA,"total_catch_wt_kg ~ 0 + factor(year)","delta_gamma",TRUE,"iid, iid","pacific_cod","1_1","factor(year)2016",20.3164383967768,1418.23052436429,-2759.3643111326,2799.99718792615
"166",54,NA,NA,NA,"AI","Pacific cod",21720,NA,NA,NA,"total_catch_wt_kg ~ 0 + factor(year)","delta_gamma",TRUE,"iid, iid","pacific_cod","1_1","factor(year)2018",20.3628226951851,1345.22188569094,-2616.22362447412,2656.94926986449
"167",55,NA,NA,NA,"AI","Pacific cod",21720,NA,NA,NA,"total_catch_wt_kg ~ 0 + factor(year)","delta_gamma",TRUE,"iid, iid","pacific_cod","1_1","factor(year)2022",20.304240301629,1484.99464157806,-2890.23177442634,2930.8402550296
"168",56,NA,NA,NA,"AI","Pacific cod",21720,NA,NA,NA,"total_catch_wt_kg ~ 0 + factor(year)","delta_gamma",TRUE,"iid, iid","pacific_cod","1_1","factor(year)2024",20.0722634537039,1410.44448153478,-2744.34812254773,2784.49264945514
"169",1,1,1,1,"AI","Pacific ocean perch",30060,NA,NA,NA,"total_catch_wt_kg ~ 0 + factor(year)","delta_gamma",TRUE,"iid, iid","pacific_ocean_perch","08_3","factor(year)1991",19.6794623082657,1486.93033999355,-2894.650451599,2934.00937621553
"170",2,2,2,2,"AI","Pacific ocean perch",30060,NA,NA,NA,"total_catch_wt_kg ~ 0 + factor(year)","delta_gamma",TRUE,"iid, iid","pacific_ocean_perch","08_3","factor(year)1994",19.6226012327768,1431.16901839313,-2785.4171306073,2824.66233307286
"171",3,3,3,3,"AI","Pacific ocean perch",30060,NA,NA,NA,"total_catch_wt_kg ~ 0 + factor(year)","delta_gamma",TRUE,"iid, iid","pacific_ocean_perch","08_3","factor(year)1997",19.9064244135337,1564.70693802374,-3046.86282047295,3086.67566930002
"172",4,4,4,4,"AI","Pacific ocean perch",30060,NA,NA,NA,"total_catch_wt_kg ~ 0 + factor(year)","delta_gamma",TRUE,"iid, iid","pacific_ocean_perch","08_3","factor(year)2000",20.0876390200347,1436.51096864339,-2795.42212291775,2835.59740095782
"173",5,5,5,5,"AI","Pacific ocean perch",30060,NA,NA,NA,"total_catch_wt_kg ~ 0 + factor(year)","delta_gamma",TRUE,"iid, iid","pacific_ocean_perch","08_3","factor(year)2002",20.0738670345646,1607.00980091394,-3129.60746555963,3169.75519962876
"174",6,6,6,6,"AI","Pacific ocean perch",30060,NA,NA,NA,"total_catch_wt_kg ~ 0 + factor(year)","delta_gamma",TRUE,"iid, iid","pacific_ocean_perch","08_3","factor(year)2004",20.1351059213592,1571.65200289344,-3060.24621598002,3100.51642782274
"175",7,7,7,7,"AI","Pacific ocean perch",30060,NA,NA,NA,"total_catch_wt_kg ~ 0 + factor(year)","delta_gamma",TRUE,"iid, iid","pacific_ocean_perch","08_3","factor(year)2006",19.9741345327619,1547.09643623736,-3012.27916110272,3052.22743016825
"176",8,8,8,8,"AI","Pacific ocean perch",30060,NA,NA,NA,"total_catch_wt_kg ~ 0 + factor(year)","delta_gamma",TRUE,"iid, iid","pacific_ocean_perch","08_3","factor(year)2010",20.1216657885859,1580.434639723,-3077.47330798804,3117.71663956521
"177",9,9,9,9,"AI","Pacific ocean perch",30060,NA,NA,NA,"total_catch_wt_kg ~ 0 + factor(year)","delta_gamma",TRUE,"iid, iid","pacific_ocean_perch","08_3","factor(year)2012",20.3467375377855,1484.27019763019,-2888.76939314353,2929.46286821911
"178",10,10,10,10,"AI","Pacific ocean perch",30060,NA,NA,NA,"total_catch_wt_kg ~ 0 + factor(year)","delta_gamma",TRUE,"iid, iid","pacific_ocean_perch","08_3","factor(year)2014",20.3281056592166,1632.10293623336,-3178.53486842025,3219.19107973868
"179",11,11,11,11,"AI","Pacific ocean perch",30060,NA,NA,NA,"total_catch_wt_kg ~ 0 + factor(year)","delta_gamma",TRUE,"iid, iid","pacific_ocean_perch","08_3","factor(year)2016",20.4691869962101,1538.6953488076,-2995.31827984599,3036.25665383841
"180",12,12,12,12,"AI","Pacific ocean perch",30060,NA,NA,NA,"total_catch_wt_kg ~ 0 + factor(year)","delta_gamma",TRUE,"iid, iid","pacific_ocean_perch","08_3","factor(year)2018",20.3899115906151,1351.72076692233,-2628.93410873202,2669.71393191325
"181",13,13,13,13,"AI","Pacific ocean perch",30060,NA,NA,NA,"total_catch_wt_kg ~ 0 + factor(year)","delta_gamma",TRUE,"iid, iid","pacific_ocean_perch","08_3","factor(year)2022",20.309377359929,1660.30225448833,-3233.82324488786,3274.44199960771
"182",14,14,14,14,"AI","Pacific ocean perch",30060,NA,NA,NA,"total_catch_wt_kg ~ 0 + factor(year)","delta_gamma",TRUE,"iid, iid","pacific_ocean_perch","08_3","factor(year)2024",19.9960231185264,1593.69967911372,-3103.5979501174,3143.58999635446
"183",15,15,15,NA,"AI","Pacific ocean perch",30060,NA,NA,NA,"total_catch_wt_kg ~ 0 + factor(year)","delta_gamma",TRUE,"iid, iid","pacific_ocean_perch","1_1","factor(year)1991",21.1245056792432,2771.97577585186,-5411.84818100788,5454.09719236637
"184",16,16,16,NA,"AI","Pacific ocean perch",30060,NA,NA,NA,"total_catch_wt_kg ~ 0 + factor(year)","delta_gamma",TRUE,"iid, iid","pacific_ocean_perch","1_1","factor(year)1994",20.5387684216571,2082.62411764922,-4061.32949550532,4102.40703234864
"185",17,17,17,NA,"AI","Pacific ocean perch",30060,NA,NA,NA,"total_catch_wt_kg ~ 0 + factor(year)","delta_gamma",TRUE,"iid, iid","pacific_ocean_perch","1_1","factor(year)1997",20.9985411404636,2393.62085246945,-4670.41212234372,4712.40920462465
"186",18,18,18,NA,"AI","Pacific ocean perch",30060,NA,NA,NA,"total_catch_wt_kg ~ 0 + factor(year)","delta_gamma",TRUE,"iid, iid","pacific_ocean_perch","1_1","factor(year)2000",20.7542282660481,1997.89792428218,-3895.05374811435,3936.56220464645
"187",19,19,19,NA,"AI","Pacific ocean perch",30060,NA,NA,NA,"total_catch_wt_kg ~ 0 + factor(year)","delta_gamma",TRUE,"iid, iid","pacific_ocean_perch","1_1","factor(year)2002",20.5826874311122,1845.74642481593,-3597.01382980168,3638.1792046639
"188",20,20,20,NA,"AI","Pacific ocean perch",30060,NA,NA,NA,"total_catch_wt_kg ~ 0 + factor(year)","delta_gamma",TRUE,"iid, iid","pacific_ocean_perch","1_1","factor(year)2004",20.7106511443883,1917.25995928063,-3737.04981804637,3778.47112033515
"189",21,21,21,NA,"AI","Pacific ocean perch",30060,NA,NA,NA,"total_catch_wt_kg ~ 0 + factor(year)","delta_gamma",TRUE,"iid, iid","pacific_ocean_perch","1_1","factor(year)2006",21.4579629641064,2968.17326282556,-5796.05473204874,5838.97065797695
"190",22,22,22,NA,"AI","Pacific ocean perch",30060,NA,NA,NA,"total_catch_wt_kg ~ 0 + factor(year)","delta_gamma",TRUE,"iid, iid","pacific_ocean_perch","1_1","factor(year)2010",21.8352311799703,3281.57141046126,-6409.92654602041,6453.59700838035
"191",23,23,23,NA,"AI","Pacific ocean perch",30060,NA,NA,NA,"total_catch_wt_kg ~ 0 + factor(year)","delta_gamma",TRUE,"iid, iid","pacific_ocean_perch","1_1","factor(year)2012",21.0556931412905,2111.67621706965,-4117.75363932502,4159.8650256076
"192",24,24,24,NA,"AI","Pacific ocean perch",30060,NA,NA,NA,"total_catch_wt_kg ~ 0 + factor(year)","delta_gamma",TRUE,"iid, iid","pacific_ocean_perch","1_1","factor(year)2014",20.847708382963,1929.55798465876,-3761.0164476299,3802.71186439582
"193",25,25,25,NA,"AI","Pacific ocean perch",30060,NA,NA,NA,"total_catch_wt_kg ~ 0 + factor(year)","delta_gamma",TRUE,"iid, iid","pacific_ocean_perch","1_1","factor(year)2016",20.7590075157437,1795.1799240274,-3497.72898934731,3539.2470043788
"194",26,26,26,NA,"AI","Pacific ocean perch",30060,NA,NA,NA,"total_catch_wt_kg ~ 0 + factor(year)","delta_gamma",TRUE,"iid, iid","pacific_ocean_perch","1_1","factor(year)2018",20.7936436311683,1870.99401643279,-3646.28724386705,3687.87453112938
"195",27,27,27,NA,"AI","Pacific ocean perch",30060,NA,NA,NA,"total_catch_wt_kg ~ 0 + factor(year)","delta_gamma",TRUE,"iid, iid","pacific_ocean_perch","1_1","factor(year)2022",20.4967903976474,1649.22894685839,-3211.93254770572,3252.92612850102
"196",28,28,28,NA,"AI","Pacific ocean perch",30060,NA,NA,NA,"total_catch_wt_kg ~ 0 + factor(year)","delta_gamma",TRUE,"iid, iid","pacific_ocean_perch","1_1","factor(year)2024",20.953841872428,2302.58513535447,-4492.03009475963,4533.93777850448
"197",29,29,NA,NA,"AI","Pacific ocean perch",30060,NA,NA,NA,"total_catch_wt_kg ~ 0 + factor(year)","delta_gamma",TRUE,"iid, iid","pacific_ocean_perch","08_3","factor(year)1991",19.6794623082657,1486.93033999355,-2894.650451599,2934.00937621553
"198",30,30,NA,NA,"AI","Pacific ocean perch",30060,NA,NA,NA,"total_catch_wt_kg ~ 0 + factor(year)","delta_gamma",TRUE,"iid, iid","pacific_ocean_perch","08_3","factor(year)1994",19.6226012327768,1431.16901839313,-2785.4171306073,2824.66233307286
"199",31,31,NA,NA,"AI","Pacific ocean perch",30060,NA,NA,NA,"total_catch_wt_kg ~ 0 + factor(year)","delta_gamma",TRUE,"iid, iid","pacific_ocean_perch","08_3","factor(year)1997",19.9064244135337,1564.70693802374,-3046.86282047295,3086.67566930002
"200",32,32,NA,NA,"AI","Pacific ocean perch",30060,NA,NA,NA,"total_catch_wt_kg ~ 0 + factor(year)","delta_gamma",TRUE,"iid, iid","pacific_ocean_perch","08_3","factor(year)2000",20.0876390200347,1436.51096864339,-2795.42212291775,2835.59740095782
"201",33,33,NA,NA,"AI","Pacific ocean perch",30060,NA,NA,NA,"total_catch_wt_kg ~ 0 + factor(year)","delta_gamma",TRUE,"iid, iid","pacific_ocean_perch","08_3","factor(year)2002",20.0738670345646,1607.00980091394,-3129.60746555963,3169.75519962876
"202",34,34,NA,NA,"AI","Pacific ocean perch",30060,NA,NA,NA,"total_catch_wt_kg ~ 0 + factor(year)","delta_gamma",TRUE,"iid, iid","pacific_ocean_perch","08_3","factor(year)2004",20.1351059213592,1571.65200289344,-3060.24621598002,3100.51642782274
"203",35,35,NA,NA,"AI","Pacific ocean perch",30060,NA,NA,NA,"total_catch_wt_kg ~ 0 + factor(year)","delta_gamma",TRUE,"iid, iid","pacific_ocean_perch","08_3","factor(year)2006",19.9741345327619,1547.09643623736,-3012.27916110272,3052.22743016825
"204",36,36,NA,NA,"AI","Pacific ocean perch",30060,NA,NA,NA,"total_catch_wt_kg ~ 0 + factor(year)","delta_gamma",TRUE,"iid, iid","pacific_ocean_perch","08_3","factor(year)2010",20.1216657885859,1580.434639723,-3077.47330798804,3117.71663956521
"205",37,37,NA,NA,"AI","Pacific ocean perch",30060,NA,NA,NA,"total_catch_wt_kg ~ 0 + factor(year)","delta_gamma",TRUE,"iid, iid","pacific_ocean_perch","08_3","factor(year)2012",20.3467375377855,1484.27019763019,-2888.76939314353,2929.46286821911
"206",38,38,NA,NA,"AI","Pacific ocean perch",30060,NA,NA,NA,"total_catch_wt_kg ~ 0 + factor(year)","delta_gamma",TRUE,"iid, iid","pacific_ocean_perch","08_3","factor(year)2014",20.3281056592166,1632.10293623336,-3178.53486842025,3219.19107973868
"207",39,39,NA,NA,"AI","Pacific ocean perch",30060,NA,NA,NA,"total_catch_wt_kg ~ 0 + factor(year)","delta_gamma",TRUE,"iid, iid","pacific_ocean_perch","08_3","factor(year)2016",20.4691869962101,1538.6953488076,-2995.31827984599,3036.25665383841
"208",40,40,NA,NA,"AI","Pacific ocean perch",30060,NA,NA,NA,"total_catch_wt_kg ~ 0 + factor(year)","delta_gamma",TRUE,"iid, iid","pacific_ocean_perch","08_3","factor(year)2018",20.3899115906151,1351.72076692233,-2628.93410873202,2669.71393191325
"209",41,41,NA,NA,"AI","Pacific ocean perch",30060,NA,NA,NA,"total_catch_wt_kg ~ 0 + factor(year)","delta_gamma",TRUE,"iid, iid","pacific_ocean_perch","08_3","factor(year)2022",20.309377359929,1660.30225448833,-3233.82324488786,3274.44199960771
"210",42,42,NA,NA,"AI","Pacific ocean perch",30060,NA,NA,NA,"total_catch_wt_kg ~ 0 + factor(year)","delta_gamma",TRUE,"iid, iid","pacific_ocean_perch","08_3","factor(year)2024",19.9960231185264,1593.69967911372,-3103.5979501174,3143.58999635446
"211",43,NA,NA,NA,"AI","Pacific ocean perch",30060,NA,NA,NA,"total_catch_wt_kg ~ 0 + factor(year)","delta_gamma",TRUE,"iid, iid","pacific_ocean_perch","1_1","factor(year)1991",21.1245056792432,2771.97577585186,-5411.84818100788,5454.09719236637
"212",44,NA,NA,NA,"AI","Pacific ocean perch",30060,NA,NA,NA,"total_catch_wt_kg ~ 0 + factor(year)","delta_gamma",TRUE,"iid, iid","pacific_ocean_perch","1_1","factor(year)1994",20.5387684216571,2082.62411764922,-4061.32949550532,4102.40703234864
"213",45,NA,NA,NA,"AI","Pacific ocean perch",30060,NA,NA,NA,"total_catch_wt_kg ~ 0 + factor(year)","delta_gamma",TRUE,"iid, iid","pacific_ocean_perch","1_1","factor(year)1997",20.9985411404636,2393.62085246945,-4670.41212234372,4712.40920462465
"214",46,NA,NA,NA,"AI","Pacific ocean perch",30060,NA,NA,NA,"total_catch_wt_kg ~ 0 + factor(year)","delta_gamma",TRUE,"iid, iid","pacific_ocean_perch","1_1","factor(year)2000",20.7542282660481,1997.89792428218,-3895.05374811435,3936.56220464645
"215",47,NA,NA,NA,"AI","Pacific ocean perch",30060,NA,NA,NA,"total_catch_wt_kg ~ 0 + factor(year)","delta_gamma",TRUE,"iid, iid","pacific_ocean_perch","1_1","factor(year)2002",20.5826874311122,1845.74642481593,-3597.01382980168,3638.1792046639
"216",48,NA,NA,NA,"AI","Pacific ocean perch",30060,NA,NA,NA,"total_catch_wt_kg ~ 0 + factor(year)","delta_gamma",TRUE,"iid, iid","pacific_ocean_perch","1_1","factor(year)2004",20.7106511443883,1917.25995928063,-3737.04981804637,3778.47112033515
"217",49,NA,NA,NA,"AI","Pacific ocean perch",30060,NA,NA,NA,"total_catch_wt_kg ~ 0 + factor(year)","delta_gamma",TRUE,"iid, iid","pacific_ocean_perch","1_1","factor(year)2006",21.4579629641064,2968.17326282556,-5796.05473204874,5838.97065797695
"218",50,NA,NA,NA,"AI","Pacific ocean perch",30060,NA,NA,NA,"total_catch_wt_kg ~ 0 + factor(year)","delta_gamma",TRUE,"iid, iid","pacific_ocean_perch","1_1","factor(year)2010",21.8352311799703,3281.57141046126,-6409.92654602041,6453.59700838035
"219",51,NA,NA,NA,"AI","Pacific ocean perch",30060,NA,NA,NA,"total_catch_wt_kg ~ 0 + factor(year)","delta_gamma",TRUE,"iid, iid","pacific_ocean_perch","1_1","factor(year)2012",21.0556931412905,2111.67621706965,-4117.75363932502,4159.8650256076
"220",52,NA,NA,NA,"AI","Pacific ocean perch",30060,NA,NA,NA,"total_catch_wt_kg ~ 0 + factor(year)","delta_gamma",TRUE,"iid, iid","pacific_ocean_perch","1_1","factor(year)2014",20.847708382963,1929.55798465876,-3761.0164476299,3802.71186439582
"221",53,NA,NA,NA,"AI","Pacific ocean perch",30060,NA,NA,NA,"total_catch_wt_kg ~ 0 + factor(year)","delta_gamma",TRUE,"iid, iid","pacific_ocean_perch","1_1","factor(year)2016",20.7590075157437,1795.1799240274,-3497.72898934731,3539.2470043788
"222",54,NA,NA,NA,"AI","Pacific ocean perch",30060,NA,NA,NA,"total_catch_wt_kg ~ 0 + factor(year)","delta_gamma",TRUE,"iid, iid","pacific_ocean_perch","1_1","factor(year)2018",20.7936436311683,1870.99401643279,-3646.28724386705,3687.87453112938
"223",55,NA,NA,NA,"AI","Pacific ocean perch",30060,NA,NA,NA,"total_catch_wt_kg ~ 0 + factor(year)","delta_gamma",TRUE,"iid, iid","pacific_ocean_perch","1_1","factor(year)2022",20.4967903976474,1649.22894685839,-3211.93254770572,3252.92612850102
"224",56,NA,NA,NA,"AI","Pacific ocean perch",30060,NA,NA,NA,"total_catch_wt_kg ~ 0 + factor(year)","delta_gamma",TRUE,"iid, iid","pacific_ocean_perch","1_1","factor(year)2024",20.953841872428,2302.58513535447,-4492.03009475963,4533.93777850448
"225",1,1,1,1,"AI","walleye pollock",21740,NA,NA,NA,"total_catch_wt_kg ~ 0 + factor(year)","delta_gamma",TRUE,"iid, iid","walleye_pollock","08_3","factor(year)1991",20.6856737521902,2493.25244730382,-4865.99932732964,4907.37067483402
"226",2,2,2,2,"AI","walleye pollock",21740,NA,NA,NA,"total_catch_wt_kg ~ 0 + factor(year)","delta_gamma",TRUE,"iid, iid","walleye_pollock","08_3","factor(year)1994",21.1477911414862,3481.15334516286,-6801.78739003884,6844.08297232182
"227",3,3,3,3,"AI","walleye pollock",21740,NA,NA,NA,"total_catch_wt_kg ~ 0 + factor(year)","delta_gamma",TRUE,"iid, iid","walleye_pollock","08_3","factor(year)1997",20.0598323172971,1774.19330878345,-3457.29515451021,3497.41481914481
"228",4,4,4,4,"AI","walleye pollock",21740,NA,NA,NA,"total_catch_wt_kg ~ 0 + factor(year)","delta_gamma",TRUE,"iid, iid","walleye_pollock","08_3","factor(year)2000",21.5342924193623,4454.85786686396,-8709.82668287892,8752.89526771765
"229",5,5,5,5,"AI","walleye pollock",21740,NA,NA,NA,"total_catch_wt_kg ~ 0 + factor(year)","delta_gamma",TRUE,"iid, iid","walleye_pollock","08_3","factor(year)2002",19.6338993473679,1268.32407080449,-2466.23560015466,2505.5033988494
"230",6,6,6,6,"AI","walleye pollock",21740,NA,NA,NA,"total_catch_wt_kg ~ 0 + factor(year)","delta_gamma",TRUE,"iid, iid","walleye_pollock","08_3","factor(year)2004",21.1847456223383,9559.32507962923,-18714.7481269614,18757.1176182061
"231",7,7,7,7,"AI","walleye pollock",21740,NA,NA,NA,"total_catch_wt_kg ~ 0 + factor(year)","delta_gamma",TRUE,"iid, iid","walleye_pollock","08_3","factor(year)2006",19.4887494954851,1285.73096783036,-2500.49764125985,2539.47514025082
"232",8,8,8,8,"AI","walleye pollock",21740,NA,NA,NA,"total_catch_wt_kg ~ 0 + factor(year)","delta_gamma",TRUE,"iid, iid","walleye_pollock","08_3","factor(year)2010",20.4061798926415,2114.16743139709,-4123.2858429332,4164.09820271848
"233",9,9,9,9,"AI","walleye pollock",21740,NA,NA,NA,"total_catch_wt_kg ~ 0 + factor(year)","delta_gamma",TRUE,"iid, iid","walleye_pollock","08_3","factor(year)2012",21.0787105797434,2600.52250040518,-5075.85173120046,5118.00915235994
"234",10,10,10,10,"AI","walleye pollock",21740,NA,NA,NA,"total_catch_wt_kg ~ 0 + factor(year)","delta_gamma",TRUE,"iid, iid","walleye_pollock","08_3","factor(year)2014",22.4115920620364,5078.60755002972,-9931.47629760942,9976.29948173349
"235",11,11,11,11,"AI","walleye pollock",21740,NA,NA,NA,"total_catch_wt_kg ~ 0 + factor(year)","delta_gamma",TRUE,"iid, iid","walleye_pollock","08_3","factor(year)2016",20.0611863195805,1712.05532030473,-3335.50558101788,3375.62795365704
"236",12,12,12,12,"AI","walleye pollock",21740,NA,NA,NA,"total_catch_wt_kg ~ 0 + factor(year)","delta_gamma",TRUE,"iid, iid","walleye_pollock","08_3","factor(year)2018",20.6884027054747,2169.40748040076,-4231.2721266718,4272.64893208275
"237",13,13,13,13,"AI","walleye pollock",21740,NA,NA,NA,"total_catch_wt_kg ~ 0 + factor(year)","delta_gamma",TRUE,"iid, iid","walleye_pollock","08_3","factor(year)2022",18.530322068806,798.242272854421,-1545.99578366325,1583.05642780087
"238",14,14,14,14,"AI","walleye pollock",21740,NA,NA,NA,"total_catch_wt_kg ~ 0 + factor(year)","delta_gamma",TRUE,"iid, iid","walleye_pollock","08_3","factor(year)2024",20.4803808683137,2270.57165616023,-4429.7582895232,4470.71905125983
"239",15,15,15,NA,"AI","walleye pollock",21740,NA,NA,NA,"total_catch_wt_kg ~ 0 + factor(year)","delta_gamma",TRUE,"iid, iid","walleye_pollock","1_1","factor(year)1991",21.8758362173332,3380.38241159499,-6603.55194448149,6647.30361691616
"240",16,16,16,NA,"AI","walleye pollock",21740,NA,NA,NA,"total_catch_wt_kg ~ 0 + factor(year)","delta_gamma",TRUE,"iid, iid","walleye_pollock","1_1","factor(year)1994",20.6130628777347,1725.75310470097,-3361.80086854435,3403.02699429982
"241",17,17,17,NA,"AI","walleye pollock",21740,NA,NA,NA,"total_catch_wt_kg ~ 0 + factor(year)","delta_gamma",TRUE,"iid, iid","walleye_pollock","1_1","factor(year)1997",21.7511308761161,3037.57298529331,-5931.78252071059,5975.28478246282
"242",18,18,18,NA,"AI","walleye pollock",21740,NA,NA,NA,"total_catch_wt_kg ~ 0 + factor(year)","delta_gamma",TRUE,"iid, iid","walleye_pollock","1_1","factor(year)2000",21.3980135864,2462.11121939152,-4804.25130235297,4847.04732952577
"243",19,19,19,NA,"AI","walleye pollock",21740,NA,NA,NA,"total_catch_wt_kg ~ 0 + factor(year)","delta_gamma",TRUE,"iid, iid","walleye_pollock","1_1","factor(year)2002",21.6491361780121,2752.05785630509,-5372.28514555048,5415.5834179065
"244",20,20,20,NA,"AI","walleye pollock",21740,NA,NA,NA,"total_catch_wt_kg ~ 0 + factor(year)","delta_gamma",TRUE,"iid, iid","walleye_pollock","1_1","factor(year)2004",20.4400275588806,1601.21450875998,-3117.88274113367,3158.76279625143
"245",21,21,21,NA,"AI","walleye pollock",21740,NA,NA,NA,"total_catch_wt_kg ~ 0 + factor(year)","delta_gamma",TRUE,"iid, iid","walleye_pollock","1_1","factor(year)2006",21.2482758272592,2452.42279565654,-4785.41207852459,4827.90863017911
"246",22,22,22,NA,"AI","walleye pollock",21740,NA,NA,NA,"total_catch_wt_kg ~ 0 + factor(year)","delta_gamma",TRUE,"iid, iid","walleye_pollock","1_1","factor(year)2010",20.9939821558204,2179.18619671583,-4250.13247901401,4292.12044332565
"247",23,23,23,NA,"AI","walleye pollock",21740,NA,NA,NA,"total_catch_wt_kg ~ 0 + factor(year)","delta_gamma",TRUE,"iid, iid","walleye_pollock","1_1","factor(year)2012",21.700513522624,2776.64949996026,-5420.43250409063,5463.83353113587
"248",24,24,24,NA,"AI","walleye pollock",21740,NA,NA,NA,"total_catch_wt_kg ~ 0 + factor(year)","delta_gamma",TRUE,"iid, iid","walleye_pollock","1_1","factor(year)2014",22.0960787207184,3354.37233071291,-6552.35288021426,6596.5450376557
"249",25,25,25,NA,"AI","walleye pollock",21740,NA,NA,NA,"total_catch_wt_kg ~ 0 + factor(year)","delta_gamma",TRUE,"iid, iid","walleye_pollock","1_1","factor(year)2016",22.0409156687014,3275.27727951803,-6397.38459156896,6441.46642290636
"250",26,26,26,NA,"AI","walleye pollock",21740,NA,NA,NA,"total_catch_wt_kg ~ 0 + factor(year)","delta_gamma",TRUE,"iid, iid","walleye_pollock","1_1","factor(year)2018",20.8155187363451,1695.80160325704,-3302.89454857273,3344.52558604542
"251",27,27,27,NA,"AI","walleye pollock",21740,NA,NA,NA,"total_catch_wt_kg ~ 0 + factor(year)","delta_gamma",TRUE,"iid, iid","walleye_pollock","1_1","factor(year)2022",21.0983672244908,2172.92047719717,-4237.74750935155,4279.94424380053
"252",28,28,28,NA,"AI","walleye pollock",21740,NA,NA,NA,"total_catch_wt_kg ~ 0 + factor(year)","delta_gamma",TRUE,"iid, iid","walleye_pollock","1_1","factor(year)2024",20.3889028135003,1681.81432470918,-3275.90660230005,3316.68440792705
"253",29,29,NA,NA,"AI","walleye pollock",21740,NA,NA,NA,"total_catch_wt_kg ~ 0 + factor(year)","delta_gamma",TRUE,"iid, iid","walleye_pollock","08_3","factor(year)1991",20.6856737521902,2493.25244730382,-4865.99932732964,4907.37067483402
"254",30,30,NA,NA,"AI","walleye pollock",21740,NA,NA,NA,"total_catch_wt_kg ~ 0 + factor(year)","delta_gamma",TRUE,"iid, iid","walleye_pollock","08_3","factor(year)1994",21.1477911414862,3481.15334516286,-6801.78739003884,6844.08297232182
"255",31,31,NA,NA,"AI","walleye pollock",21740,NA,NA,NA,"total_catch_wt_kg ~ 0 + factor(year)","delta_gamma",TRUE,"iid, iid","walleye_pollock","08_3","factor(year)1997",20.0598323172971,1774.19330878345,-3457.29515451021,3497.41481914481
"256",32,32,NA,NA,"AI","walleye pollock",21740,NA,NA,NA,"total_catch_wt_kg ~ 0 + factor(year)","delta_gamma",TRUE,"iid, iid","walleye_pollock","08_3","factor(year)2000",21.5342924193623,4454.85786686396,-8709.82668287892,8752.89526771765
"257",33,33,NA,NA,"AI","walleye pollock",21740,NA,NA,NA,"total_catch_wt_kg ~ 0 + factor(year)","delta_gamma",TRUE,"iid, iid","walleye_pollock","08_3","factor(year)2002",19.6338993473679,1268.32407080449,-2466.23560015466,2505.5033988494
"258",34,34,NA,NA,"AI","walleye pollock",21740,NA,NA,NA,"total_catch_wt_kg ~ 0 + factor(year)","delta_gamma",TRUE,"iid, iid","walleye_pollock","08_3","factor(year)2004",21.1847456223383,9559.32507962923,-18714.7481269614,18757.1176182061
"259",35,35,NA,NA,"AI","walleye pollock",21740,NA,NA,NA,"total_catch_wt_kg ~ 0 + factor(year)","delta_gamma",TRUE,"iid, iid","walleye_pollock","08_3","factor(year)2006",19.4887494954851,1285.73096783036,-2500.49764125985,2539.47514025082
"260",36,36,NA,NA,"AI","walleye pollock",21740,NA,NA,NA,"total_catch_wt_kg ~ 0 + factor(year)","delta_gamma",TRUE,"iid, iid","walleye_pollock","08_3","factor(year)2010",20.4061798926415,2114.16743139709,-4123.2858429332,4164.09820271848
"261",37,37,NA,NA,"AI","walleye pollock",21740,NA,NA,NA,"total_catch_wt_kg ~ 0 + factor(year)","delta_gamma",TRUE,"iid, iid","walleye_pollock","08_3","factor(year)2012",21.0787105797434,2600.52250040518,-5075.85173120046,5118.00915235994
"262",38,38,NA,NA,"AI","walleye pollock",21740,NA,NA,NA,"total_catch_wt_kg ~ 0 + factor(year)","delta_gamma",TRUE,"iid, iid","walleye_pollock","08_3","factor(year)2014",22.4115920620364,5078.60755002972,-9931.47629760942,9976.29948173349
"263",39,39,NA,NA,"AI","walleye pollock",21740,NA,NA,NA,"total_catch_wt_kg ~ 0 + factor(year)","delta_gamma",TRUE,"iid, iid","walleye_pollock","08_3","factor(year)2016",20.0611863195805,1712.05532030473,-3335.50558101788,3375.62795365704
"264",40,40,NA,NA,"AI","walleye pollock",21740,NA,NA,NA,"total_catch_wt_kg ~ 0 + factor(year)","delta_gamma",TRUE,"iid, iid","walleye_pollock","08_3","factor(year)2018",20.6884027054747,2169.40748040076,-4231.2721266718,4272.64893208275
"265",41,41,NA,NA,"AI","walleye pollock",21740,NA,NA,NA,"total_catch_wt_kg ~ 0 + factor(year)","delta_gamma",TRUE,"iid, iid","walleye_pollock","08_3","factor(year)2022",18.530322068806,798.242272854421,-1545.99578366325,1583.05642780087
"266",42,42,NA,NA,"AI","walleye pollock",21740,NA,NA,NA,"total_catch_wt_kg ~ 0 + factor(year)","delta_gamma",TRUE,"iid, iid","walleye_pollock","08_3","factor(year)2024",20.4803808683137,2270.57165616023,-4429.7582895232,4470.71905125983
"267",43,NA,NA,NA,"AI","walleye pollock",21740,NA,NA,NA,"total_catch_wt_kg ~ 0 + factor(year)","delta_gamma",TRUE,"iid, iid","walleye_pollock","1_1","factor(year)1991",21.8758362173332,3380.38241159499,-6603.55194448149,6647.30361691616
"268",44,NA,NA,NA,"AI","walleye pollock",21740,NA,NA,NA,"total_catch_wt_kg ~ 0 + factor(year)","delta_gamma",TRUE,"iid, iid","walleye_pollock","1_1","factor(year)1994",20.6130628777347,1725.75310470097,-3361.80086854435,3403.02699429982
"269",45,NA,NA,NA,"AI","walleye pollock",21740,NA,NA,NA,"total_catch_wt_kg ~ 0 + factor(year)","delta_gamma",TRUE,"iid, iid","walleye_pollock","1_1","factor(year)1997",21.7511308761161,3037.57298529331,-5931.78252071059,5975.28478246282
"270",46,NA,NA,NA,"AI","walleye pollock",21740,NA,NA,NA,"total_catch_wt_kg ~ 0 + factor(year)","delta_gamma",TRUE,"iid, iid","walleye_pollock","1_1","factor(year)2000",21.3980135864,2462.11121939152,-4804.25130235297,4847.04732952577
"271",47,NA,NA,NA,"AI","walleye pollock",21740,NA,NA,NA,"total_catch_wt_kg ~ 0 + factor(year)","delta_gamma",TRUE,"iid, iid","walleye_pollock","1_1","factor(year)2002",21.6491361780121,2752.05785630509,-5372.28514555048,5415.5834179065
"272",48,NA,NA,NA,"AI","walleye pollock",21740,NA,NA,NA,"total_catch_wt_kg ~ 0 + factor(year)","delta_gamma",TRUE,"iid, iid","walleye_pollock","1_1","factor(year)2004",20.4400275588806,1601.21450875998,-3117.88274113367,3158.76279625143
"273",49,NA,NA,NA,"AI","walleye pollock",21740,NA,NA,NA,"total_catch_wt_kg ~ 0 + factor(year)","delta_gamma",TRUE,"iid, iid","walleye_pollock","1_1","factor(year)2006",21.2482758272592,2452.42279565654,-4785.41207852459,4827.90863017911
"274",50,NA,NA,NA,"AI","walleye pollock",21740,NA,NA,NA,"total_catch_wt_kg ~ 0 + factor(year)","delta_gamma",TRUE,"iid, iid","walleye_pollock","1_1","factor(year)2010",20.9939821558204,2179.18619671583,-4250.13247901401,4292.12044332565
"275",51,NA,NA,NA,"AI","walleye pollock",21740,NA,NA,NA,"total_catch_wt_kg ~ 0 + factor(year)","delta_gamma",TRUE,"iid, iid","walleye_pollock","1_1","factor(year)2012",21.700513522624,2776.64949996026,-5420.43250409063,5463.83353113587
"276",52,NA,NA,NA,"AI","walleye pollock",21740,NA,NA,NA,"total_catch_wt_kg ~ 0 + factor(year)","delta_gamma",TRUE,"iid, iid","walleye_pollock","1_1","factor(year)2014",22.0960787207184,3354.37233071291,-6552.35288021426,6596.5450376557
"277",53,NA,NA,NA,"AI","walleye pollock",21740,NA,NA,NA,"total_catch_wt_kg ~ 0 + factor(year)","delta_gamma",TRUE,"iid, iid","walleye_pollock","1_1","factor(year)2016",22.0409156687014,3275.27727951803,-6397.38459156896,6441.46642290636
"278",54,NA,NA,NA,"AI","walleye pollock",21740,NA,NA,NA,"total_catch_wt_kg ~ 0 + factor(year)","delta_gamma",TRUE,"iid, iid","walleye_pollock","1_1","factor(year)2018",20.8155187363451,1695.80160325704,-3302.89454857273,3344.52558604542
"279",55,NA,NA,NA,"AI","walleye pollock",21740,NA,NA,NA,"total_catch_wt_kg ~ 0 + factor(year)","delta_gamma",TRUE,"iid, iid","walleye_pollock","1_1","factor(year)2022",21.0983672244908,2172.92047719717,-4237.74750935155,4279.94424380053
"280",56,NA,NA,NA,"AI","walleye pollock",21740,NA,NA,NA,"total_catch_wt_kg ~ 0 + factor(year)","delta_gamma",TRUE,"iid, iid","walleye_pollock","1_1","factor(year)2024",20.3889028135003,1681.81432470918,-3275.90660230005,3316.68440792705
