"","X.38","X.37","X.36","X.35","X.34","X.33","X.32","X.31","X.30","X.29","X.28","X.27","X.26","X.25","X.24","X.23","X.22","X.21","X.20","X.19","X.18","X.17","X.16","X.15","X.14","X.13","X.12","X.11","X.10","X.9","X.8","X.7","X.6","X.5","X.4","X.3","X.2","X.1","X","srvy","common_name","species_code","filter_lat_lt","filter_lat_gt","filter_depth","model_fn","model_family","model_anisotropy","model_spatiotemporal","file_name","effort","term","estimate","std.error","conf.low","conf.high"
"1","1","1","1","1","1","1","1","1","1","1","1","1","1","1","1","1","1","1","1","1","1","1","1","1","1","1","1","1","1","1","1","1","1","1","1","1","1","1","1","NBS","Alaska plaice","10285",NA,NA,NA,"total_catch_wt_kg ~ 0 + factor(year)","delta_gamma","TRUE","iid, iid","alaska_plaice","08_3","range","5.70090075522932","1908.38599791759","6.52849247755187e-285","4.97821963228522e+285"
"2","2","2","2","2","2","2","2","2","2","2","2","2","2","2","2","2","2","2","2","2","2","2","2","2","2","2","2","2","2","2","2","2","2","2","2","2","2","2","2","NBS","Alaska plaice","10285",NA,NA,NA,"total_catch_wt_kg ~ 0 + factor(year)","delta_gamma","TRUE","iid, iid","alaska_plaice","08_3","sigma_O","0.483272818895683","160.044725288998","6.20969646405753e-283","3.76109555169457e+281"
"3","3","3","3","3","3","3","3","3","3","3","3","3","3","3","3","3","3","3","3","3","3","3","3","3","3","3","3","3","3","3","3","3","3","3","3","3","3","3","3","NBS","Alaska plaice","10285",NA,NA,NA,"total_catch_wt_kg ~ 0 + factor(year)","delta_gamma","TRUE","iid, iid","alaska_plaice","08_3","sigma_E","0.561443500983196","188.256634884589","2.15978543958904e-286","1.45949129491417e+285"
"4","4","4","4","4","4","4","4","4","4","4","4","4","4","4","4","4","4","4","4","4","4","4","4","4","4","4","4","4","4","4","4","4","4","4","4","4","4","4",NA,"NBS","Alaska plaice","10285",NA,NA,NA,"total_catch_wt_kg ~ 0 + factor(year)","delta_gamma","TRUE","iid, iid","alaska_plaice","1_1","range","2.55508753627121","892.452951142612","1.24663962897695e-297","5.23685607793947e+297"
"5","5","5","5","5","5","5","5","5","5","5","5","5","5","5","5","5","5","5","5","5","5","5","5","5","5","5","5","5","5","5","5","5","5","5","5","5","5","5",NA,"NBS","Alaska plaice","10285",NA,NA,NA,"total_catch_wt_kg ~ 0 + factor(year)","delta_gamma","TRUE","iid, iid","alaska_plaice","1_1","sigma_O","0.484860510433367","299.678158024203","0","Inf"
"6","6","6","6","6","6","6","6","6","6","6","6","6","6","6","6","6","6","6","6","6","6","6","6","6","6","6","6","6","6","6","6","6","6","6","6","6","6","6",NA,"NBS","Alaska plaice","10285",NA,NA,NA,"total_catch_wt_kg ~ 0 + factor(year)","delta_gamma","TRUE","iid, iid","alaska_plaice","1_1","sigma_E","0.223872864831491","94.6571939422591","0","Inf"
"7","7","7","7","7","7","7","7","7","7","7","7","7","7","7","7","7","7","7","7","7","7","7","7","7","7","7","7","7","7","7","7","7","7","7","7","7","7",NA,NA,"NBS","Alaska plaice","10285",NA,NA,NA,"total_catch_wt_kg ~ 0 + factor(year)","delta_gamma","TRUE","iid, iid","alaska_plaice","02_1","range","2.82910052563374","NaN","NaN","NaN"
"8","8","8","8","8","8","8","8","8","8","8","8","8","8","8","8","8","8","8","8","8","8","8","8","8","8","8","8","8","8","8","8","8","8","8","8","8","8",NA,NA,"NBS","Alaska plaice","10285",NA,NA,NA,"total_catch_wt_kg ~ 0 + factor(year)","delta_gamma","TRUE","iid, iid","alaska_plaice","02_1","sigma_O","0.282246121340894","NaN","NaN","NaN"
"9","9","9","9","9","9","9","9","9","9","9","9","9","9","9","9","9","9","9","9","9","9","9","9","9","9","9","9","9","9","9","9","9","9","9","9","9","9",NA,NA,"NBS","Alaska plaice","10285",NA,NA,NA,"total_catch_wt_kg ~ 0 + factor(year)","delta_gamma","TRUE","iid, iid","alaska_plaice","02_1","sigma_E","0.281140150595142","NaN","NaN","NaN"
"10","10","10","10","10","10","10","10","10","10","10","10","10","10","10","10","10","10","10","10","10","10","10","10","10","10","10","10","10","10","10","10","10","10","10","10","10",NA,NA,NA,"NBS","Alaska plaice","10285",NA,NA,NA,"total_catch_wt_kg ~ 0 + factor(year)","delta_gamma","TRUE","iid, iid","alaska_plaice","02_2","range","2.82745769332487","60.6916682556415","1.51449563827776e-18","5278666247354214400"
"11","11","11","11","11","11","11","11","11","11","11","11","11","11","11","11","11","11","11","11","11","11","11","11","11","11","11","11","11","11","11","11","11","11","11","11","11",NA,NA,NA,"NBS","Alaska plaice","10285",NA,NA,NA,"total_catch_wt_kg ~ 0 + factor(year)","delta_gamma","TRUE","iid, iid","alaska_plaice","02_2","sigma_O","0.281993399001745","7.46616165225295","8.19429679443629e-24","9.70434426228607e+21"
"12","12","12","12","12","12","12","12","12","12","12","12","12","12","12","12","12","12","12","12","12","12","12","12","12","12","12","12","12","12","12","12","12","12","12","12","12",NA,NA,NA,"NBS","Alaska plaice","10285",NA,NA,NA,"total_catch_wt_kg ~ 0 + factor(year)","delta_gamma","TRUE","iid, iid","alaska_plaice","02_2","sigma_E","0.281702480058748","6.37472401249314","1.54068365481113e-20","5150719099501142016"
"13","13","13","13","13","13","13","13","13","13","13","13","13","13","13","13","13","13","13","13","13","13","13","13","13","13","13","13","13","13","13","13","13","13","13","13",NA,NA,NA,NA,"NBS","Alaska plaice","10285",NA,NA,NA,"total_catch_wt_kg ~ 0 + factor(year)","delta_gamma","TRUE","iid, iid","alaska_plaice","02_3","range","1.94966823147959","3140.72050333748","0","Inf"
"14","14","14","14","14","14","14","14","14","14","14","14","14","14","14","14","14","14","14","14","14","14","14","14","14","14","14","14","14","14","14","14","14","14","14","14",NA,NA,NA,NA,"NBS","Alaska plaice","10285",NA,NA,NA,"total_catch_wt_kg ~ 0 + factor(year)","delta_gamma","TRUE","iid, iid","alaska_plaice","02_3","sigma_O","0.167425555818681","305.479387791439","0","Inf"
"15","15","15","15","15","15","15","15","15","15","15","15","15","15","15","15","15","15","15","15","15","15","15","15","15","15","15","15","15","15","15","15","15","15","15","15",NA,NA,NA,NA,"NBS","Alaska plaice","10285",NA,NA,NA,"total_catch_wt_kg ~ 0 + factor(year)","delta_gamma","TRUE","iid, iid","alaska_plaice","02_3","sigma_E","0.184945778598633","290.717562939955","0","Inf"
"16","16","16","16","16","16","16","16","16","16","16","16","16","16","16","16","16","16","16","16","16","16","16","16","16","16","16","16","16","16","16","16","16","16","16",NA,NA,NA,NA,NA,"NBS","Alaska plaice","10285",NA,NA,NA,"total_catch_wt_kg ~ 0 + factor(year)","delta_gamma","TRUE","iid, iid","alaska_plaice","04_1","range","2.75385529565306","NaN","NaN","NaN"
"17","17","17","17","17","17","17","17","17","17","17","17","17","17","17","17","17","17","17","17","17","17","17","17","17","17","17","17","17","17","17","17","17","17","17",NA,NA,NA,NA,NA,"NBS","Alaska plaice","10285",NA,NA,NA,"total_catch_wt_kg ~ 0 + factor(year)","delta_gamma","TRUE","iid, iid","alaska_plaice","04_1","sigma_O","0.2754111106132","NaN","NaN","NaN"
"18","18","18","18","18","18","18","18","18","18","18","18","18","18","18","18","18","18","18","18","18","18","18","18","18","18","18","18","18","18","18","18","18","18","18",NA,NA,NA,NA,NA,"NBS","Alaska plaice","10285",NA,NA,NA,"total_catch_wt_kg ~ 0 + factor(year)","delta_gamma","TRUE","iid, iid","alaska_plaice","04_1","sigma_E","0.274775253888481","NaN","NaN","NaN"
"19","19","19","19","19","19","19","19","19","19","19","19","19","19","19","19","19","19","19","19","19","19","19","19","19","19","19","19","19","19","19","19","19","19",NA,NA,NA,NA,NA,NA,"NBS","Alaska plaice","10285",NA,NA,NA,"total_catch_wt_kg ~ 0 + factor(year)","delta_gamma","TRUE","iid, iid","alaska_plaice","04_2","range","2.81004716463114","664.062034397439","1.97370662033418e-201","4.00077954144721e+201"
"20","20","20","20","20","20","20","20","20","20","20","20","20","20","20","20","20","20","20","20","20","20","20","20","20","20","20","20","20","20","20","20","20","20",NA,NA,NA,NA,NA,NA,"NBS","Alaska plaice","10285",NA,NA,NA,"total_catch_wt_kg ~ 0 + factor(year)","delta_gamma","TRUE","iid, iid","alaska_plaice","04_2","sigma_O","0.292588308353871","69.1000405792728","2.75144019239061e-202","3.11138575434542e+200"
"21","21","21","21","21","21","21","21","21","21","21","21","21","21","21","21","21","21","21","21","21","21","21","21","21","21","21","21","21","21","21","21","21","21",NA,NA,NA,NA,NA,NA,"NBS","Alaska plaice","10285",NA,NA,NA,"total_catch_wt_kg ~ 0 + factor(year)","delta_gamma","TRUE","iid, iid","alaska_plaice","04_2","sigma_E","0.279743578560942","66.1317277225143","1.6659549862961e-202","4.69739401063114e+200"
"22","22","22","22","22","22","22","22","22","22","22","22","22","22","22","22","22","22","22","22","22","22","22","22","22","22","22","22","22","22","22","22","22",NA,NA,NA,NA,NA,NA,NA,"NBS","Alaska plaice","10285",NA,NA,NA,"total_catch_wt_kg ~ 0 + factor(year)","delta_gamma","TRUE","iid, iid","alaska_plaice","04_3","range","2.75971420884696","22.30436672157","3.64202802673641e-07","20911487.936397"
"23","23","23","23","23","23","23","23","23","23","23","23","23","23","23","23","23","23","23","23","23","23","23","23","23","23","23","23","23","23","23","23","23",NA,NA,NA,NA,NA,NA,NA,"NBS","Alaska plaice","10285",NA,NA,NA,"total_catch_wt_kg ~ 0 + factor(year)","delta_gamma","TRUE","iid, iid","alaska_plaice","04_3","sigma_O","0.277908379482503","2.2504072542095","3.5576393092282e-08","2170907.74734401"
"24","24","24","24","24","24","24","24","24","24","24","24","24","24","24","24","24","24","24","24","24","24","24","24","24","24","24","24","24","24","24","24","24",NA,NA,NA,NA,NA,NA,NA,"NBS","Alaska plaice","10285",NA,NA,NA,"total_catch_wt_kg ~ 0 + factor(year)","delta_gamma","TRUE","iid, iid","alaska_plaice","04_3","sigma_E","0.26028349512698","2.10570159170564","3.3822024765152e-08","2003058.60769516"
"25","25","25","25","25","25","25","25","25","25","25","25","25","25","25","25","25","25","25","25","25","25","25","25","25","25","25","25","25","25","25","25",NA,NA,NA,NA,NA,NA,NA,NA,"NBS","Alaska plaice","10285",NA,NA,NA,"total_catch_wt_kg ~ 0 + factor(year)","delta_gamma","TRUE","iid, iid","alaska_plaice","06_1","range","1.92177241737779","1526.36338183635","0","Inf"
"26","26","26","26","26","26","26","26","26","26","26","26","26","26","26","26","26","26","26","26","26","26","26","26","26","26","26","26","26","26","26","26",NA,NA,NA,NA,NA,NA,NA,NA,"NBS","Alaska plaice","10285",NA,NA,NA,"total_catch_wt_kg ~ 0 + factor(year)","delta_gamma","TRUE","iid, iid","alaska_plaice","06_1","sigma_O","0.215668415451712","210.082336849197","0","Inf"
"27","27","27","27","27","27","27","27","27","27","27","27","27","27","27","27","27","27","27","27","27","27","27","27","27","27","27","27","27","27","27","27",NA,NA,NA,NA,NA,NA,NA,NA,"NBS","Alaska plaice","10285",NA,NA,NA,"total_catch_wt_kg ~ 0 + factor(year)","delta_gamma","TRUE","iid, iid","alaska_plaice","06_1","sigma_E","0.198230849055803","125.777721653006","0","Inf"
"28","28","28","28","28","28","28","28","28","28","28","28","28","28","28","28","28","28","28","28","28","28","28","28","28","28","28","28","28","28","28",NA,NA,NA,NA,NA,NA,NA,NA,NA,"NBS","Alaska plaice","10285",NA,NA,NA,"total_catch_wt_kg ~ 0 + factor(year)","delta_gamma","TRUE","iid, iid","alaska_plaice","06_2","range","1.99258914969704","1374.80630577398","0","Inf"
"29","29","29","29","29","29","29","29","29","29","29","29","29","29","29","29","29","29","29","29","29","29","29","29","29","29","29","29","29","29","29",NA,NA,NA,NA,NA,NA,NA,NA,NA,"NBS","Alaska plaice","10285",NA,NA,NA,"total_catch_wt_kg ~ 0 + factor(year)","delta_gamma","TRUE","iid, iid","alaska_plaice","06_2","sigma_O","0.189291909136795","180.584123458856","0","Inf"
"30","30","30","30","30","30","30","30","30","30","30","30","30","30","30","30","30","30","30","30","30","30","30","30","30","30","30","30","30","30","30",NA,NA,NA,NA,NA,NA,NA,NA,NA,"NBS","Alaska plaice","10285",NA,NA,NA,"total_catch_wt_kg ~ 0 + factor(year)","delta_gamma","TRUE","iid, iid","alaska_plaice","06_2","sigma_E","0.20035343583453","105.68596719174","0","Inf"
"31","31","31","31","31","31","31","31","31","31","31","31","31","31","31","31","31","31","31","31","31","31","31","31","31","31","31","31","31","31",NA,NA,NA,NA,NA,NA,NA,NA,NA,NA,"NBS","Alaska plaice","10285",NA,NA,NA,"total_catch_wt_kg ~ 0 + factor(year)","delta_gamma","TRUE","iid, iid","alaska_plaice","06_3","range","2.10712796003225","777.159411796052","2.399457791424e-314","Inf"
"32","32","32","32","32","32","32","32","32","32","32","32","32","32","32","32","32","32","32","32","32","32","32","32","32","32","32","32","32","32",NA,NA,NA,NA,NA,NA,NA,NA,NA,NA,"NBS","Alaska plaice","10285",NA,NA,NA,"total_catch_wt_kg ~ 0 + factor(year)","delta_gamma","TRUE","iid, iid","alaska_plaice","06_3","sigma_O","0.243054141032727","NaN","NaN","NaN"
"33","33","33","33","33","33","33","33","33","33","33","33","33","33","33","33","33","33","33","33","33","33","33","33","33","33","33","33","33","33",NA,NA,NA,NA,NA,NA,NA,NA,NA,NA,"NBS","Alaska plaice","10285",NA,NA,NA,"total_catch_wt_kg ~ 0 + factor(year)","delta_gamma","TRUE","iid, iid","alaska_plaice","06_3","sigma_E","0.219054925706258","107.066547511976","0","Inf"
"34","34","34","34","34","34","34","34","34","34","34","34","34","34","34","34","34","34","34","34","34","34","34","34","34","34","34","34","34",NA,NA,NA,NA,NA,NA,NA,NA,NA,NA,NA,"NBS","Alaska plaice","10285",NA,NA,NA,"total_catch_wt_kg ~ 0 + factor(year)","delta_gamma","TRUE","iid, iid","alaska_plaice","08_1","range","1.74013791531919","1098.23307717392","0","Inf"
"35","35","35","35","35","35","35","35","35","35","35","35","35","35","35","35","35","35","35","35","35","35","35","35","35","35","35","35","35",NA,NA,NA,NA,NA,NA,NA,NA,NA,NA,NA,"NBS","Alaska plaice","10285",NA,NA,NA,"total_catch_wt_kg ~ 0 + factor(year)","delta_gamma","TRUE","iid, iid","alaska_plaice","08_1","sigma_O","0.159129713784707","88.0552554780569","0","Inf"
"36","36","36","36","36","36","36","36","36","36","36","36","36","36","36","36","36","36","36","36","36","36","36","36","36","36","36","36","36",NA,NA,NA,NA,NA,NA,NA,NA,NA,NA,NA,"NBS","Alaska plaice","10285",NA,NA,NA,"total_catch_wt_kg ~ 0 + factor(year)","delta_gamma","TRUE","iid, iid","alaska_plaice","08_1","sigma_E","0.162372017291079","98.5031472963154","0","Inf"
"37","37","37","37","37","37","37","37","37","37","37","37","37","37","37","37","37","37","37","37","37","37","37","37","37","37","37","37",NA,NA,NA,NA,NA,NA,NA,NA,NA,NA,NA,NA,"NBS","Alaska plaice","10285",NA,NA,NA,"total_catch_wt_kg ~ 0 + factor(year)","delta_gamma","TRUE","iid, iid","alaska_plaice","08_2","range","2.82805386148665","NaN","NaN","NaN"
"38","38","38","38","38","38","38","38","38","38","38","38","38","38","38","38","38","38","38","38","38","38","38","38","38","38","38","38",NA,NA,NA,NA,NA,NA,NA,NA,NA,NA,NA,NA,"NBS","Alaska plaice","10285",NA,NA,NA,"total_catch_wt_kg ~ 0 + factor(year)","delta_gamma","TRUE","iid, iid","alaska_plaice","08_2","sigma_O","0.282038712418473","NaN","NaN","NaN"
"39","39","39","39","39","39","39","39","39","39","39","39","39","39","39","39","39","39","39","39","39","39","39","39","39","39","39","39",NA,NA,NA,NA,NA,NA,NA,NA,NA,NA,NA,NA,"NBS","Alaska plaice","10285",NA,NA,NA,"total_catch_wt_kg ~ 0 + factor(year)","delta_gamma","TRUE","iid, iid","alaska_plaice","08_2","sigma_E","0.282055906294248","NaN","NaN","NaN"
"40","40","40","40","40","40","40","40","40","40","40","40","40","40","40","40","40","40","40","40","40","40","40","40","40","40","40",NA,NA,NA,NA,NA,NA,NA,NA,NA,NA,NA,NA,NA,"NBS","Alaska plaice","10285",NA,NA,NA,"total_catch_wt_kg ~ 0 + factor(year)","delta_gamma","TRUE","iid, iid","alaska_plaice","08_3","range","5.70090075522932","1908.38599791759","6.52849247755187e-285","4.97821963228522e+285"
"41","41","41","41","41","41","41","41","41","41","41","41","41","41","41","41","41","41","41","41","41","41","41","41","41","41","41",NA,NA,NA,NA,NA,NA,NA,NA,NA,NA,NA,NA,NA,"NBS","Alaska plaice","10285",NA,NA,NA,"total_catch_wt_kg ~ 0 + factor(year)","delta_gamma","TRUE","iid, iid","alaska_plaice","08_3","sigma_O","0.483272818895683","160.044725288998","6.20969646405753e-283","3.76109555169457e+281"
"42","42","42","42","42","42","42","42","42","42","42","42","42","42","42","42","42","42","42","42","42","42","42","42","42","42","42",NA,NA,NA,NA,NA,NA,NA,NA,NA,NA,NA,NA,NA,"NBS","Alaska plaice","10285",NA,NA,NA,"total_catch_wt_kg ~ 0 + factor(year)","delta_gamma","TRUE","iid, iid","alaska_plaice","08_3","sigma_E","0.561443500983196","188.256634884589","2.15978543958904e-286","1.45949129491417e+285"
"43","43","43","43","43","43","43","43","43","43","43","43","43","43","43","43","43","43","43","43","43","43","43","43","43","43",NA,NA,NA,NA,NA,NA,NA,NA,NA,NA,NA,NA,NA,NA,"NBS","Alaska plaice","10285",NA,NA,NA,"total_catch_wt_kg ~ 0 + factor(year)","delta_gamma","TRUE","iid, iid","alaska_plaice","1_1","range","2.55508753627121","892.452951142612","1.24663962897695e-297","5.23685607793947e+297"
"44","44","44","44","44","44","44","44","44","44","44","44","44","44","44","44","44","44","44","44","44","44","44","44","44","44",NA,NA,NA,NA,NA,NA,NA,NA,NA,NA,NA,NA,NA,NA,"NBS","Alaska plaice","10285",NA,NA,NA,"total_catch_wt_kg ~ 0 + factor(year)","delta_gamma","TRUE","iid, iid","alaska_plaice","1_1","sigma_O","0.484860510433367","299.678158024203","0","Inf"
"45","45","45","45","45","45","45","45","45","45","45","45","45","45","45","45","45","45","45","45","45","45","45","45","45","45",NA,NA,NA,NA,NA,NA,NA,NA,NA,NA,NA,NA,NA,NA,"NBS","Alaska plaice","10285",NA,NA,NA,"total_catch_wt_kg ~ 0 + factor(year)","delta_gamma","TRUE","iid, iid","alaska_plaice","1_1","sigma_E","0.223872864831491","94.6571939422591","0","Inf"
"46","46","46","46","46","46","46","46","46","46","46","46","46","46","46","46","46","46","46","46","46","46","46","46","46",NA,NA,NA,NA,NA,NA,NA,NA,NA,NA,NA,NA,NA,NA,NA,"NBS","Alaska plaice","10285",NA,NA,NA,"total_catch_wt_kg ~ 0 + factor(year)","delta_gamma","TRUE","iid, iid","alaska_plaice","02_1","range","2.82910052563374","NaN","NaN","NaN"
"47","47","47","47","47","47","47","47","47","47","47","47","47","47","47","47","47","47","47","47","47","47","47","47","47",NA,NA,NA,NA,NA,NA,NA,NA,NA,NA,NA,NA,NA,NA,NA,"NBS","Alaska plaice","10285",NA,NA,NA,"total_catch_wt_kg ~ 0 + factor(year)","delta_gamma","TRUE","iid, iid","alaska_plaice","02_1","sigma_O","0.282246121340894","NaN","NaN","NaN"
"48","48","48","48","48","48","48","48","48","48","48","48","48","48","48","48","48","48","48","48","48","48","48","48","48",NA,NA,NA,NA,NA,NA,NA,NA,NA,NA,NA,NA,NA,NA,NA,"NBS","Alaska plaice","10285",NA,NA,NA,"total_catch_wt_kg ~ 0 + factor(year)","delta_gamma","TRUE","iid, iid","alaska_plaice","02_1","sigma_E","0.281140150595142","NaN","NaN","NaN"
"49","49","49","49","49","49","49","49","49","49","49","49","49","49","49","49","49","49","49","49","49","49","49","49",NA,NA,NA,NA,NA,NA,NA,NA,NA,NA,NA,NA,NA,NA,NA,NA,"NBS","Alaska plaice","10285",NA,NA,NA,"total_catch_wt_kg ~ 0 + factor(year)","delta_gamma","TRUE","iid, iid","alaska_plaice","02_2","range","2.82745769332487","60.6916682556415","1.51449563827776e-18","5278666247354214400"
"50","50","50","50","50","50","50","50","50","50","50","50","50","50","50","50","50","50","50","50","50","50","50","50",NA,NA,NA,NA,NA,NA,NA,NA,NA,NA,NA,NA,NA,NA,NA,NA,"NBS","Alaska plaice","10285",NA,NA,NA,"total_catch_wt_kg ~ 0 + factor(year)","delta_gamma","TRUE","iid, iid","alaska_plaice","02_2","sigma_O","0.281993399001745","7.46616165225295","8.19429679443629e-24","9.70434426228607e+21"
"51","51","51","51","51","51","51","51","51","51","51","51","51","51","51","51","51","51","51","51","51","51","51","51",NA,NA,NA,NA,NA,NA,NA,NA,NA,NA,NA,NA,NA,NA,NA,NA,"NBS","Alaska plaice","10285",NA,NA,NA,"total_catch_wt_kg ~ 0 + factor(year)","delta_gamma","TRUE","iid, iid","alaska_plaice","02_2","sigma_E","0.281702480058748","6.37472401249314","1.54068365481113e-20","5150719099501142016"
"52","52","52","52","52","52","52","52","52","52","52","52","52","52","52","52","52","52","52","52","52","52","52",NA,NA,NA,NA,NA,NA,NA,NA,NA,NA,NA,NA,NA,NA,NA,NA,NA,"NBS","Alaska plaice","10285",NA,NA,NA,"total_catch_wt_kg ~ 0 + factor(year)","delta_gamma","TRUE","iid, iid","alaska_plaice","02_3","range","1.94966823147959","3140.72050333748","0","Inf"
"53","53","53","53","53","53","53","53","53","53","53","53","53","53","53","53","53","53","53","53","53","53","53",NA,NA,NA,NA,NA,NA,NA,NA,NA,NA,NA,NA,NA,NA,NA,NA,NA,"NBS","Alaska plaice","10285",NA,NA,NA,"total_catch_wt_kg ~ 0 + factor(year)","delta_gamma","TRUE","iid, iid","alaska_plaice","02_3","sigma_O","0.167425555818681","305.479387791439","0","Inf"
"54","54","54","54","54","54","54","54","54","54","54","54","54","54","54","54","54","54","54","54","54","54","54",NA,NA,NA,NA,NA,NA,NA,NA,NA,NA,NA,NA,NA,NA,NA,NA,NA,"NBS","Alaska plaice","10285",NA,NA,NA,"total_catch_wt_kg ~ 0 + factor(year)","delta_gamma","TRUE","iid, iid","alaska_plaice","02_3","sigma_E","0.184945778598633","290.717562939955","0","Inf"
"55","55","55","55","55","55","55","55","55","55","55","55","55","55","55","55","55","55","55","55","55","55",NA,NA,NA,NA,NA,NA,NA,NA,NA,NA,NA,NA,NA,NA,NA,NA,NA,NA,"NBS","Alaska plaice","10285",NA,NA,NA,"total_catch_wt_kg ~ 0 + factor(year)","delta_gamma","TRUE","iid, iid","alaska_plaice","04_1","range","2.75385529565306","NaN","NaN","NaN"
"56","56","56","56","56","56","56","56","56","56","56","56","56","56","56","56","56","56","56","56","56","56",NA,NA,NA,NA,NA,NA,NA,NA,NA,NA,NA,NA,NA,NA,NA,NA,NA,NA,"NBS","Alaska plaice","10285",NA,NA,NA,"total_catch_wt_kg ~ 0 + factor(year)","delta_gamma","TRUE","iid, iid","alaska_plaice","04_1","sigma_O","0.2754111106132","NaN","NaN","NaN"
"57","57","57","57","57","57","57","57","57","57","57","57","57","57","57","57","57","57","57","57","57","57",NA,NA,NA,NA,NA,NA,NA,NA,NA,NA,NA,NA,NA,NA,NA,NA,NA,NA,"NBS","Alaska plaice","10285",NA,NA,NA,"total_catch_wt_kg ~ 0 + factor(year)","delta_gamma","TRUE","iid, iid","alaska_plaice","04_1","sigma_E","0.274775253888481","NaN","NaN","NaN"
"58","58","58","58","58","58","58","58","58","58","58","58","58","58","58","58","58","58","58","58","58",NA,NA,NA,NA,NA,NA,NA,NA,NA,NA,NA,NA,NA,NA,NA,NA,NA,NA,NA,"NBS","Alaska plaice","10285",NA,NA,NA,"total_catch_wt_kg ~ 0 + factor(year)","delta_gamma","TRUE","iid, iid","alaska_plaice","04_2","range","2.81004716463114","664.062034397439","1.97370662033418e-201","4.00077954144721e+201"
"59","59","59","59","59","59","59","59","59","59","59","59","59","59","59","59","59","59","59","59","59",NA,NA,NA,NA,NA,NA,NA,NA,NA,NA,NA,NA,NA,NA,NA,NA,NA,NA,NA,"NBS","Alaska plaice","10285",NA,NA,NA,"total_catch_wt_kg ~ 0 + factor(year)","delta_gamma","TRUE","iid, iid","alaska_plaice","04_2","sigma_O","0.292588308353871","69.1000405792728","2.75144019239061e-202","3.11138575434542e+200"
"60","60","60","60","60","60","60","60","60","60","60","60","60","60","60","60","60","60","60","60","60",NA,NA,NA,NA,NA,NA,NA,NA,NA,NA,NA,NA,NA,NA,NA,NA,NA,NA,NA,"NBS","Alaska plaice","10285",NA,NA,NA,"total_catch_wt_kg ~ 0 + factor(year)","delta_gamma","TRUE","iid, iid","alaska_plaice","04_2","sigma_E","0.279743578560942","66.1317277225143","1.6659549862961e-202","4.69739401063114e+200"
"61","61","61","61","61","61","61","61","61","61","61","61","61","61","61","61","61","61","61","61",NA,NA,NA,NA,NA,NA,NA,NA,NA,NA,NA,NA,NA,NA,NA,NA,NA,NA,NA,NA,"NBS","Alaska plaice","10285",NA,NA,NA,"total_catch_wt_kg ~ 0 + factor(year)","delta_gamma","TRUE","iid, iid","alaska_plaice","04_3","range","2.75971420884696","22.30436672157","3.64202802673641e-07","20911487.936397"
"62","62","62","62","62","62","62","62","62","62","62","62","62","62","62","62","62","62","62","62",NA,NA,NA,NA,NA,NA,NA,NA,NA,NA,NA,NA,NA,NA,NA,NA,NA,NA,NA,NA,"NBS","Alaska plaice","10285",NA,NA,NA,"total_catch_wt_kg ~ 0 + factor(year)","delta_gamma","TRUE","iid, iid","alaska_plaice","04_3","sigma_O","0.277908379482503","2.2504072542095","3.5576393092282e-08","2170907.74734401"
"63","63","63","63","63","63","63","63","63","63","63","63","63","63","63","63","63","63","63","63",NA,NA,NA,NA,NA,NA,NA,NA,NA,NA,NA,NA,NA,NA,NA,NA,NA,NA,NA,NA,"NBS","Alaska plaice","10285",NA,NA,NA,"total_catch_wt_kg ~ 0 + factor(year)","delta_gamma","TRUE","iid, iid","alaska_plaice","04_3","sigma_E","0.26028349512698","2.10570159170564","3.3822024765152e-08","2003058.60769516"
"64","64","64","64","64","64","64","64","64","64","64","64","64","64","64","64","64","64","64",NA,NA,NA,NA,NA,NA,NA,NA,NA,NA,NA,NA,NA,NA,NA,NA,NA,NA,NA,NA,NA,"NBS","Alaska plaice","10285",NA,NA,NA,"total_catch_wt_kg ~ 0 + factor(year)","delta_gamma","TRUE","iid, iid","alaska_plaice","06_1","range","1.92177241737779","1526.36338183635","0","Inf"
"65","65","65","65","65","65","65","65","65","65","65","65","65","65","65","65","65","65","65",NA,NA,NA,NA,NA,NA,NA,NA,NA,NA,NA,NA,NA,NA,NA,NA,NA,NA,NA,NA,NA,"NBS","Alaska plaice","10285",NA,NA,NA,"total_catch_wt_kg ~ 0 + factor(year)","delta_gamma","TRUE","iid, iid","alaska_plaice","06_1","sigma_O","0.215668415451712","210.082336849197","0","Inf"
"66","66","66","66","66","66","66","66","66","66","66","66","66","66","66","66","66","66","66",NA,NA,NA,NA,NA,NA,NA,NA,NA,NA,NA,NA,NA,NA,NA,NA,NA,NA,NA,NA,NA,"NBS","Alaska plaice","10285",NA,NA,NA,"total_catch_wt_kg ~ 0 + factor(year)","delta_gamma","TRUE","iid, iid","alaska_plaice","06_1","sigma_E","0.198230849055803","125.777721653006","0","Inf"
"67","67","67","67","67","67","67","67","67","67","67","67","67","67","67","67","67","67",NA,NA,NA,NA,NA,NA,NA,NA,NA,NA,NA,NA,NA,NA,NA,NA,NA,NA,NA,NA,NA,NA,"NBS","Alaska plaice","10285",NA,NA,NA,"total_catch_wt_kg ~ 0 + factor(year)","delta_gamma","TRUE","iid, iid","alaska_plaice","06_2","range","1.99258914969704","1374.80630577398","0","Inf"
"68","68","68","68","68","68","68","68","68","68","68","68","68","68","68","68","68","68",NA,NA,NA,NA,NA,NA,NA,NA,NA,NA,NA,NA,NA,NA,NA,NA,NA,NA,NA,NA,NA,NA,"NBS","Alaska plaice","10285",NA,NA,NA,"total_catch_wt_kg ~ 0 + factor(year)","delta_gamma","TRUE","iid, iid","alaska_plaice","06_2","sigma_O","0.189291909136795","180.584123458856","0","Inf"
"69","69","69","69","69","69","69","69","69","69","69","69","69","69","69","69","69","69",NA,NA,NA,NA,NA,NA,NA,NA,NA,NA,NA,NA,NA,NA,NA,NA,NA,NA,NA,NA,NA,NA,"NBS","Alaska plaice","10285",NA,NA,NA,"total_catch_wt_kg ~ 0 + factor(year)","delta_gamma","TRUE","iid, iid","alaska_plaice","06_2","sigma_E","0.20035343583453","105.68596719174","0","Inf"
"70","70","70","70","70","70","70","70","70","70","70","70","70","70","70","70","70",NA,NA,NA,NA,NA,NA,NA,NA,NA,NA,NA,NA,NA,NA,NA,NA,NA,NA,NA,NA,NA,NA,NA,"NBS","Alaska plaice","10285",NA,NA,NA,"total_catch_wt_kg ~ 0 + factor(year)","delta_gamma","TRUE","iid, iid","alaska_plaice","06_3","range","2.10712796003225","777.159411796052","2.399457791424e-314","Inf"
"71","71","71","71","71","71","71","71","71","71","71","71","71","71","71","71","71",NA,NA,NA,NA,NA,NA,NA,NA,NA,NA,NA,NA,NA,NA,NA,NA,NA,NA,NA,NA,NA,NA,NA,"NBS","Alaska plaice","10285",NA,NA,NA,"total_catch_wt_kg ~ 0 + factor(year)","delta_gamma","TRUE","iid, iid","alaska_plaice","06_3","sigma_O","0.243054141032727","NaN","NaN","NaN"
"72","72","72","72","72","72","72","72","72","72","72","72","72","72","72","72","72",NA,NA,NA,NA,NA,NA,NA,NA,NA,NA,NA,NA,NA,NA,NA,NA,NA,NA,NA,NA,NA,NA,NA,"NBS","Alaska plaice","10285",NA,NA,NA,"total_catch_wt_kg ~ 0 + factor(year)","delta_gamma","TRUE","iid, iid","alaska_plaice","06_3","sigma_E","0.219054925706258","107.066547511976","0","Inf"
"73","73","73","73","73","73","73","73","73","73","73","73","73","73","73","73",NA,NA,NA,NA,NA,NA,NA,NA,NA,NA,NA,NA,NA,NA,NA,NA,NA,NA,NA,NA,NA,NA,NA,NA,"NBS","Alaska plaice","10285",NA,NA,NA,"total_catch_wt_kg ~ 0 + factor(year)","delta_gamma","TRUE","iid, iid","alaska_plaice","08_1","range","1.74013791531919","1098.23307717392","0","Inf"
"74","74","74","74","74","74","74","74","74","74","74","74","74","74","74","74",NA,NA,NA,NA,NA,NA,NA,NA,NA,NA,NA,NA,NA,NA,NA,NA,NA,NA,NA,NA,NA,NA,NA,NA,"NBS","Alaska plaice","10285",NA,NA,NA,"total_catch_wt_kg ~ 0 + factor(year)","delta_gamma","TRUE","iid, iid","alaska_plaice","08_1","sigma_O","0.159129713784707","88.0552554780569","0","Inf"
"75","75","75","75","75","75","75","75","75","75","75","75","75","75","75","75",NA,NA,NA,NA,NA,NA,NA,NA,NA,NA,NA,NA,NA,NA,NA,NA,NA,NA,NA,NA,NA,NA,NA,NA,"NBS","Alaska plaice","10285",NA,NA,NA,"total_catch_wt_kg ~ 0 + factor(year)","delta_gamma","TRUE","iid, iid","alaska_plaice","08_1","sigma_E","0.162372017291079","98.5031472963154","0","Inf"
"76","76","76","76","76","76","76","76","76","76","76","76","76","76","76",NA,NA,NA,NA,NA,NA,NA,NA,NA,NA,NA,NA,NA,NA,NA,NA,NA,NA,NA,NA,NA,NA,NA,NA,NA,"NBS","Alaska plaice","10285",NA,NA,NA,"total_catch_wt_kg ~ 0 + factor(year)","delta_gamma","TRUE","iid, iid","alaska_plaice","08_2","range","2.82805386148665","NaN","NaN","NaN"
"77","77","77","77","77","77","77","77","77","77","77","77","77","77","77",NA,NA,NA,NA,NA,NA,NA,NA,NA,NA,NA,NA,NA,NA,NA,NA,NA,NA,NA,NA,NA,NA,NA,NA,NA,"NBS","Alaska plaice","10285",NA,NA,NA,"total_catch_wt_kg ~ 0 + factor(year)","delta_gamma","TRUE","iid, iid","alaska_plaice","08_2","sigma_O","0.282038712418473","NaN","NaN","NaN"
"78","78","78","78","78","78","78","78","78","78","78","78","78","78","78",NA,NA,NA,NA,NA,NA,NA,NA,NA,NA,NA,NA,NA,NA,NA,NA,NA,NA,NA,NA,NA,NA,NA,NA,NA,"NBS","Alaska plaice","10285",NA,NA,NA,"total_catch_wt_kg ~ 0 + factor(year)","delta_gamma","TRUE","iid, iid","alaska_plaice","08_2","sigma_E","0.282055906294248","NaN","NaN","NaN"
"79","79","79","79","79","79","79","79","79","79","79","79","79","79",NA,NA,NA,NA,NA,NA,NA,NA,NA,NA,NA,NA,NA,NA,NA,NA,NA,NA,NA,NA,NA,NA,NA,NA,NA,NA,"NBS","Alaska plaice","10285",NA,NA,NA,"total_catch_wt_kg ~ 0 + factor(year)","delta_gamma","TRUE","iid, iid","alaska_plaice","08_3","range","5.70090075522932","1908.38599791759","6.52849247755187e-285","4.97821963228522e+285"
"80","80","80","80","80","80","80","80","80","80","80","80","80","80",NA,NA,NA,NA,NA,NA,NA,NA,NA,NA,NA,NA,NA,NA,NA,NA,NA,NA,NA,NA,NA,NA,NA,NA,NA,NA,"NBS","Alaska plaice","10285",NA,NA,NA,"total_catch_wt_kg ~ 0 + factor(year)","delta_gamma","TRUE","iid, iid","alaska_plaice","08_3","sigma_O","0.483272818895683","160.044725288998","6.20969646405753e-283","3.76109555169457e+281"
"81","81","81","81","81","81","81","81","81","81","81","81","81","81",NA,NA,NA,NA,NA,NA,NA,NA,NA,NA,NA,NA,NA,NA,NA,NA,NA,NA,NA,NA,NA,NA,NA,NA,NA,NA,"NBS","Alaska plaice","10285",NA,NA,NA,"total_catch_wt_kg ~ 0 + factor(year)","delta_gamma","TRUE","iid, iid","alaska_plaice","08_3","sigma_E","0.561443500983196","188.256634884589","2.15978543958904e-286","1.45949129491417e+285"
"82","82","82","82","82","82","82","82","82","82","82","82","82",NA,NA,NA,NA,NA,NA,NA,NA,NA,NA,NA,NA,NA,NA,NA,NA,NA,NA,NA,NA,NA,NA,NA,NA,NA,NA,NA,"NBS","Alaska plaice","10285",NA,NA,NA,"total_catch_wt_kg ~ 0 + factor(year)","delta_gamma","TRUE","iid, iid","alaska_plaice","1_1","range","2.55508753627121","892.452951142612","1.24663962897695e-297","5.23685607793947e+297"
"83","83","83","83","83","83","83","83","83","83","83","83","83",NA,NA,NA,NA,NA,NA,NA,NA,NA,NA,NA,NA,NA,NA,NA,NA,NA,NA,NA,NA,NA,NA,NA,NA,NA,NA,NA,"NBS","Alaska plaice","10285",NA,NA,NA,"total_catch_wt_kg ~ 0 + factor(year)","delta_gamma","TRUE","iid, iid","alaska_plaice","1_1","sigma_O","0.484860510433367","299.678158024203","0","Inf"
"84","84","84","84","84","84","84","84","84","84","84","84","84",NA,NA,NA,NA,NA,NA,NA,NA,NA,NA,NA,NA,NA,NA,NA,NA,NA,NA,NA,NA,NA,NA,NA,NA,NA,NA,NA,"NBS","Alaska plaice","10285",NA,NA,NA,"total_catch_wt_kg ~ 0 + factor(year)","delta_gamma","TRUE","iid, iid","alaska_plaice","1_1","sigma_E","0.223872864831491","94.6571939422591","0","Inf"
"85","85","85","85","85","85","85","85","85","85","85","85",NA,NA,NA,NA,NA,NA,NA,NA,NA,NA,NA,NA,NA,NA,NA,NA,NA,NA,NA,NA,NA,NA,NA,NA,NA,NA,NA,NA,"NBS","Alaska plaice","10285",NA,NA,NA,"total_catch_wt_kg ~ 0 + factor(year)","delta_gamma","TRUE","iid, iid","alaska_plaice","02_1","range","2.82910052563374","NaN","NaN","NaN"
"86","86","86","86","86","86","86","86","86","86","86","86",NA,NA,NA,NA,NA,NA,NA,NA,NA,NA,NA,NA,NA,NA,NA,NA,NA,NA,NA,NA,NA,NA,NA,NA,NA,NA,NA,NA,"NBS","Alaska plaice","10285",NA,NA,NA,"total_catch_wt_kg ~ 0 + factor(year)","delta_gamma","TRUE","iid, iid","alaska_plaice","02_1","sigma_O","0.282246121340894","NaN","NaN","NaN"
"87","87","87","87","87","87","87","87","87","87","87","87",NA,NA,NA,NA,NA,NA,NA,NA,NA,NA,NA,NA,NA,NA,NA,NA,NA,NA,NA,NA,NA,NA,NA,NA,NA,NA,NA,NA,"NBS","Alaska plaice","10285",NA,NA,NA,"total_catch_wt_kg ~ 0 + factor(year)","delta_gamma","TRUE","iid, iid","alaska_plaice","02_1","sigma_E","0.281140150595142","NaN","NaN","NaN"
"88","88","88","88","88","88","88","88","88","88","88",NA,NA,NA,NA,NA,NA,NA,NA,NA,NA,NA,NA,NA,NA,NA,NA,NA,NA,NA,NA,NA,NA,NA,NA,NA,NA,NA,NA,NA,"NBS","Alaska plaice","10285",NA,NA,NA,"total_catch_wt_kg ~ 0 + factor(year)","delta_gamma","TRUE","iid, iid","alaska_plaice","02_2","range","2.82745769332487","60.6916682556415","1.51449563827776e-18","5278666247354214400"
"89","89","89","89","89","89","89","89","89","89","89",NA,NA,NA,NA,NA,NA,NA,NA,NA,NA,NA,NA,NA,NA,NA,NA,NA,NA,NA,NA,NA,NA,NA,NA,NA,NA,NA,NA,NA,"NBS","Alaska plaice","10285",NA,NA,NA,"total_catch_wt_kg ~ 0 + factor(year)","delta_gamma","TRUE","iid, iid","alaska_plaice","02_2","sigma_O","0.281993399001745","7.46616165225295","8.19429679443629e-24","9.70434426228607e+21"
"90","90","90","90","90","90","90","90","90","90","90",NA,NA,NA,NA,NA,NA,NA,NA,NA,NA,NA,NA,NA,NA,NA,NA,NA,NA,NA,NA,NA,NA,NA,NA,NA,NA,NA,NA,NA,"NBS","Alaska plaice","10285",NA,NA,NA,"total_catch_wt_kg ~ 0 + factor(year)","delta_gamma","TRUE","iid, iid","alaska_plaice","02_2","sigma_E","0.281702480058748","6.37472401249314","1.54068365481113e-20","5150719099501142016"
"91","91","91","91","91","91","91","91","91","91",NA,NA,NA,NA,NA,NA,NA,NA,NA,NA,NA,NA,NA,NA,NA,NA,NA,NA,NA,NA,NA,NA,NA,NA,NA,NA,NA,NA,NA,NA,"NBS","Alaska plaice","10285",NA,NA,NA,"total_catch_wt_kg ~ 0 + factor(year)","delta_gamma","TRUE","iid, iid","alaska_plaice","02_3","range","1.94966823147959","3140.72050333748","0","Inf"
"92","92","92","92","92","92","92","92","92","92",NA,NA,NA,NA,NA,NA,NA,NA,NA,NA,NA,NA,NA,NA,NA,NA,NA,NA,NA,NA,NA,NA,NA,NA,NA,NA,NA,NA,NA,NA,"NBS","Alaska plaice","10285",NA,NA,NA,"total_catch_wt_kg ~ 0 + factor(year)","delta_gamma","TRUE","iid, iid","alaska_plaice","02_3","sigma_O","0.167425555818681","305.479387791439","0","Inf"
"93","93","93","93","93","93","93","93","93","93",NA,NA,NA,NA,NA,NA,NA,NA,NA,NA,NA,NA,NA,NA,NA,NA,NA,NA,NA,NA,NA,NA,NA,NA,NA,NA,NA,NA,NA,NA,"NBS","Alaska plaice","10285",NA,NA,NA,"total_catch_wt_kg ~ 0 + factor(year)","delta_gamma","TRUE","iid, iid","alaska_plaice","02_3","sigma_E","0.184945778598633","290.717562939955","0","Inf"
"94","94","94","94","94","94","94","94","94",NA,NA,NA,NA,NA,NA,NA,NA,NA,NA,NA,NA,NA,NA,NA,NA,NA,NA,NA,NA,NA,NA,NA,NA,NA,NA,NA,NA,NA,NA,NA,"NBS","Alaska plaice","10285",NA,NA,NA,"total_catch_wt_kg ~ 0 + factor(year)","delta_gamma","TRUE","iid, iid","alaska_plaice","04_1","range","2.09678616010246","1902.24907789232","0","Inf"
"95","95","95","95","95","95","95","95","95",NA,NA,NA,NA,NA,NA,NA,NA,NA,NA,NA,NA,NA,NA,NA,NA,NA,NA,NA,NA,NA,NA,NA,NA,NA,NA,NA,NA,NA,NA,NA,"NBS","Alaska plaice","10285",NA,NA,NA,"total_catch_wt_kg ~ 0 + factor(year)","delta_gamma","TRUE","iid, iid","alaska_plaice","04_1","sigma_O","0.184574869202698","NaN","NaN","NaN"
"96","96","96","96","96","96","96","96","96",NA,NA,NA,NA,NA,NA,NA,NA,NA,NA,NA,NA,NA,NA,NA,NA,NA,NA,NA,NA,NA,NA,NA,NA,NA,NA,NA,NA,NA,NA,NA,"NBS","Alaska plaice","10285",NA,NA,NA,"total_catch_wt_kg ~ 0 + factor(year)","delta_gamma","TRUE","iid, iid","alaska_plaice","04_1","sigma_E","0.200324735885226","202.665366328002","0","Inf"
"97","97","97","97","97","97","97","97",NA,NA,NA,NA,NA,NA,NA,NA,NA,NA,NA,NA,NA,NA,NA,NA,NA,NA,NA,NA,NA,NA,NA,NA,NA,NA,NA,NA,NA,NA,NA,NA,"NBS","Alaska plaice","10285",NA,NA,NA,"total_catch_wt_kg ~ 0 + factor(year)","delta_gamma","TRUE","iid, iid","alaska_plaice","04_2","range","2.6320375011224","NaN","NaN","NaN"
"98","98","98","98","98","98","98","98",NA,NA,NA,NA,NA,NA,NA,NA,NA,NA,NA,NA,NA,NA,NA,NA,NA,NA,NA,NA,NA,NA,NA,NA,NA,NA,NA,NA,NA,NA,NA,NA,"NBS","Alaska plaice","10285",NA,NA,NA,"total_catch_wt_kg ~ 0 + factor(year)","delta_gamma","TRUE","iid, iid","alaska_plaice","04_2","sigma_O","0.289584075893011","NaN","NaN","NaN"
"99","99","99","99","99","99","99","99",NA,NA,NA,NA,NA,NA,NA,NA,NA,NA,NA,NA,NA,NA,NA,NA,NA,NA,NA,NA,NA,NA,NA,NA,NA,NA,NA,NA,NA,NA,NA,NA,"NBS","Alaska plaice","10285",NA,NA,NA,"total_catch_wt_kg ~ 0 + factor(year)","delta_gamma","TRUE","iid, iid","alaska_plaice","04_2","sigma_E","0.263247489873168","NaN","NaN","NaN"
"100","100","100","100","100","100","100",NA,NA,NA,NA,NA,NA,NA,NA,NA,NA,NA,NA,NA,NA,NA,NA,NA,NA,NA,NA,NA,NA,NA,NA,NA,NA,NA,NA,NA,NA,NA,NA,NA,"NBS","Alaska plaice","10285",NA,NA,NA,"total_catch_wt_kg ~ 0 + factor(year)","delta_gamma","TRUE","iid, iid","alaska_plaice","04_3","range","2.81905053317008","195.680775544224","2.31760779641586e-59","3.42898652690791e+59"
"101","101","101","101","101","101","101",NA,NA,NA,NA,NA,NA,NA,NA,NA,NA,NA,NA,NA,NA,NA,NA,NA,NA,NA,NA,NA,NA,NA,NA,NA,NA,NA,NA,NA,NA,NA,NA,NA,"NBS","Alaska plaice","10285",NA,NA,NA,"total_catch_wt_kg ~ 0 + factor(year)","delta_gamma","TRUE","iid, iid","alaska_plaice","04_3","sigma_O","0.280394527782525","19.4600626317331","2.35673549420637e-60","3.33601676571933e+58"
"102","102","102","102","102","102","102",NA,NA,NA,NA,NA,NA,NA,NA,NA,NA,NA,NA,NA,NA,NA,NA,NA,NA,NA,NA,NA,NA,NA,NA,NA,NA,NA,NA,NA,NA,NA,NA,NA,"NBS","Alaska plaice","10285",NA,NA,NA,"total_catch_wt_kg ~ 0 + factor(year)","delta_gamma","TRUE","iid, iid","alaska_plaice","04_3","sigma_E","0.280503061664798","19.4718346393571","2.28883217326794e-60","3.43764687172257e+58"
"103","103","103","103","103","103",NA,NA,NA,NA,NA,NA,NA,NA,NA,NA,NA,NA,NA,NA,NA,NA,NA,NA,NA,NA,NA,NA,NA,NA,NA,NA,NA,NA,NA,NA,NA,NA,NA,NA,"NBS","Alaska plaice","10285",NA,NA,NA,"total_catch_wt_kg ~ 0 + factor(year)","delta_gamma","TRUE","iid, iid","alaska_plaice","06_1","range","2.23039563667298","2164.59548227582","0","Inf"
"104","104","104","104","104","104",NA,NA,NA,NA,NA,NA,NA,NA,NA,NA,NA,NA,NA,NA,NA,NA,NA,NA,NA,NA,NA,NA,NA,NA,NA,NA,NA,NA,NA,NA,NA,NA,NA,NA,"NBS","Alaska plaice","10285",NA,NA,NA,"total_catch_wt_kg ~ 0 + factor(year)","delta_gamma","TRUE","iid, iid","alaska_plaice","06_1","sigma_O","0.207909692648722","228.004618371942","0","Inf"
"105","105","105","105","105","105",NA,NA,NA,NA,NA,NA,NA,NA,NA,NA,NA,NA,NA,NA,NA,NA,NA,NA,NA,NA,NA,NA,NA,NA,NA,NA,NA,NA,NA,NA,NA,NA,NA,NA,"NBS","Alaska plaice","10285",NA,NA,NA,"total_catch_wt_kg ~ 0 + factor(year)","delta_gamma","TRUE","iid, iid","alaska_plaice","06_1","sigma_E","0.229013444167339","210.345562461997","0","Inf"
"106","106","106","106","106",NA,NA,NA,NA,NA,NA,NA,NA,NA,NA,NA,NA,NA,NA,NA,NA,NA,NA,NA,NA,NA,NA,NA,NA,NA,NA,NA,NA,NA,NA,NA,NA,NA,NA,NA,"NBS","Alaska plaice","10285",NA,NA,NA,"total_catch_wt_kg ~ 0 + factor(year)","delta_gamma","TRUE","iid, iid","alaska_plaice","06_2","range","2.82812663631721","3769.38813176088","0","Inf"
"107","107","107","107","107",NA,NA,NA,NA,NA,NA,NA,NA,NA,NA,NA,NA,NA,NA,NA,NA,NA,NA,NA,NA,NA,NA,NA,NA,NA,NA,NA,NA,NA,NA,NA,NA,NA,NA,NA,"NBS","Alaska plaice","10285",NA,NA,NA,"total_catch_wt_kg ~ 0 + factor(year)","delta_gamma","TRUE","iid, iid","alaska_plaice","06_2","sigma_O","0.282051171878253","417.465264785692","0","Inf"
"108","108","108","108","108",NA,NA,NA,NA,NA,NA,NA,NA,NA,NA,NA,NA,NA,NA,NA,NA,NA,NA,NA,NA,NA,NA,NA,NA,NA,NA,NA,NA,NA,NA,NA,NA,NA,NA,NA,"NBS","Alaska plaice","10285",NA,NA,NA,"total_catch_wt_kg ~ 0 + factor(year)","delta_gamma","TRUE","iid, iid","alaska_plaice","06_2","sigma_E","0.282051190157439","444.942546672565","0","Inf"
"109","109","109","109",NA,NA,NA,NA,NA,NA,NA,NA,NA,NA,NA,NA,NA,NA,NA,NA,NA,NA,NA,NA,NA,NA,NA,NA,NA,NA,NA,NA,NA,NA,NA,NA,NA,NA,NA,NA,"NBS","Alaska plaice","10285",NA,NA,NA,"total_catch_wt_kg ~ 0 + factor(year)","delta_gamma","TRUE","iid, iid","alaska_plaice","06_3","range","1.68939294664185","7906.25069379082","0","Inf"
"110","110","110","110",NA,NA,NA,NA,NA,NA,NA,NA,NA,NA,NA,NA,NA,NA,NA,NA,NA,NA,NA,NA,NA,NA,NA,NA,NA,NA,NA,NA,NA,NA,NA,NA,NA,NA,NA,NA,"NBS","Alaska plaice","10285",NA,NA,NA,"total_catch_wt_kg ~ 0 + factor(year)","delta_gamma","TRUE","iid, iid","alaska_plaice","06_3","sigma_O","0.216645097660167","527.493683487921","0","Inf"
"111","111","111","111",NA,NA,NA,NA,NA,NA,NA,NA,NA,NA,NA,NA,NA,NA,NA,NA,NA,NA,NA,NA,NA,NA,NA,NA,NA,NA,NA,NA,NA,NA,NA,NA,NA,NA,NA,NA,"NBS","Alaska plaice","10285",NA,NA,NA,"total_catch_wt_kg ~ 0 + factor(year)","delta_gamma","TRUE","iid, iid","alaska_plaice","06_3","sigma_E","0.0860937602743997","457.107187149512","0","Inf"
"112","112","112",NA,NA,NA,NA,NA,NA,NA,NA,NA,NA,NA,NA,NA,NA,NA,NA,NA,NA,NA,NA,NA,NA,NA,NA,NA,NA,NA,NA,NA,NA,NA,NA,NA,NA,NA,NA,NA,"NBS","Alaska plaice","10285",NA,NA,NA,"total_catch_wt_kg ~ 0 + factor(year)","delta_gamma","TRUE","iid, iid","alaska_plaice","08_1","range","2.67946441541292","NaN","NaN","NaN"
"113","113","113",NA,NA,NA,NA,NA,NA,NA,NA,NA,NA,NA,NA,NA,NA,NA,NA,NA,NA,NA,NA,NA,NA,NA,NA,NA,NA,NA,NA,NA,NA,NA,NA,NA,NA,NA,NA,NA,"NBS","Alaska plaice","10285",NA,NA,NA,"total_catch_wt_kg ~ 0 + factor(year)","delta_gamma","TRUE","iid, iid","alaska_plaice","08_1","sigma_O","0.274144651267028","NaN","NaN","NaN"
"114","114","114",NA,NA,NA,NA,NA,NA,NA,NA,NA,NA,NA,NA,NA,NA,NA,NA,NA,NA,NA,NA,NA,NA,NA,NA,NA,NA,NA,NA,NA,NA,NA,NA,NA,NA,NA,NA,NA,"NBS","Alaska plaice","10285",NA,NA,NA,"total_catch_wt_kg ~ 0 + factor(year)","delta_gamma","TRUE","iid, iid","alaska_plaice","08_1","sigma_E","0.268727597744612","NaN","NaN","NaN"
"115","115",NA,NA,NA,NA,NA,NA,NA,NA,NA,NA,NA,NA,NA,NA,NA,NA,NA,NA,NA,NA,NA,NA,NA,NA,NA,NA,NA,NA,NA,NA,NA,NA,NA,NA,NA,NA,NA,NA,"NBS","Alaska plaice","10285",NA,NA,NA,"total_catch_wt_kg ~ 0 + factor(year)","delta_gamma","TRUE","iid, iid","alaska_plaice","08_2","range","3.65050616348764","2181.75703749302","0","Inf"
"116","116",NA,NA,NA,NA,NA,NA,NA,NA,NA,NA,NA,NA,NA,NA,NA,NA,NA,NA,NA,NA,NA,NA,NA,NA,NA,NA,NA,NA,NA,NA,NA,NA,NA,NA,NA,NA,NA,NA,"NBS","Alaska plaice","10285",NA,NA,NA,"total_catch_wt_kg ~ 0 + factor(year)","delta_gamma","TRUE","iid, iid","alaska_plaice","08_2","sigma_O","0.339089835175796","136.209383266203","0","Inf"
"117","117",NA,NA,NA,NA,NA,NA,NA,NA,NA,NA,NA,NA,NA,NA,NA,NA,NA,NA,NA,NA,NA,NA,NA,NA,NA,NA,NA,NA,NA,NA,NA,NA,NA,NA,NA,NA,NA,NA,"NBS","Alaska plaice","10285",NA,NA,NA,"total_catch_wt_kg ~ 0 + factor(year)","delta_gamma","TRUE","iid, iid","alaska_plaice","08_2","sigma_E","0.267289091498926","148.55360194884","0","Inf"
"118",NA,NA,NA,NA,NA,NA,NA,NA,NA,NA,NA,NA,NA,NA,NA,NA,NA,NA,NA,NA,NA,NA,NA,NA,NA,NA,NA,NA,NA,NA,NA,NA,NA,NA,NA,NA,NA,NA,NA,"NBS","Alaska plaice","10285",NA,NA,NA,"total_catch_wt_kg ~ 0 + factor(year)","delta_gamma","TRUE","iid, iid","alaska_plaice","08_3","range","1.25303700091734","577.886969147914","0","Inf"
"119",NA,NA,NA,NA,NA,NA,NA,NA,NA,NA,NA,NA,NA,NA,NA,NA,NA,NA,NA,NA,NA,NA,NA,NA,NA,NA,NA,NA,NA,NA,NA,NA,NA,NA,NA,NA,NA,NA,NA,"NBS","Alaska plaice","10285",NA,NA,NA,"total_catch_wt_kg ~ 0 + factor(year)","delta_gamma","TRUE","iid, iid","alaska_plaice","08_3","sigma_O","0.12629452135821","139.501986734663","0","Inf"
"120",NA,NA,NA,NA,NA,NA,NA,NA,NA,NA,NA,NA,NA,NA,NA,NA,NA,NA,NA,NA,NA,NA,NA,NA,NA,NA,NA,NA,NA,NA,NA,NA,NA,NA,NA,NA,NA,NA,NA,"NBS","Alaska plaice","10285",NA,NA,NA,"total_catch_wt_kg ~ 0 + factor(year)","delta_gamma","TRUE","iid, iid","alaska_plaice","08_3","sigma_E","0.124134979071482","NaN","NaN","NaN"
