"","X.46","X.45","X.44","X.43","X.42","X.41","X.40","X.39","X.38","X.37","X.36","X.35","X.34","X.33","X.32","X.31","X.30","X.29","X.28","X.27","X.26","X.25","X.24","X.23","X.22","X.21","X.20","X.19","X.18","X.17","X.16","X.15","X.14","X.13","X.12","X.11","X.10","X.9","X.8","X.7","X.6","X.5","X.4","X.3","X.2","X.1","X","srvy","common_name","species_code","filter_lat_lt","filter_lat_gt","filter_depth","model_fn","model_family","model_anisotropy","model_spatiotemporal","file_name","effort","term","estimate","std.error","conf.low","conf.high"
"1","1","1","1","1","1","1","1","1","1","1","1","1","1","1","1","1","1","1","1","1","1","1","1","1","1","1","1","1","1","1","1","1","1","1","1","1","1","1","1","1","1","1","1","1","1","1","1","NBS","walleye pollock","21740",NA,NA,NA,"total_catch_wt_kg ~ 0 + factor(year)","delta_gamma","TRUE","iid, iid","walleye_pollock","08_3","range","1.89123299141879","1070.22344749127","0","Inf"
"2","2","2","2","2","2","2","2","2","2","2","2","2","2","2","2","2","2","2","2","2","2","2","2","2","2","2","2","2","2","2","2","2","2","2","2","2","2","2","2","2","2","2","2","2","2","2","2","NBS","walleye pollock","21740",NA,NA,NA,"total_catch_wt_kg ~ 0 + factor(year)","delta_gamma","TRUE","iid, iid","walleye_pollock","08_3","sigma_O","0.192244551763682","95.8763731416689","0","Inf"
"3","3","3","3","3","3","3","3","3","3","3","3","3","3","3","3","3","3","3","3","3","3","3","3","3","3","3","3","3","3","3","3","3","3","3","3","3","3","3","3","3","3","3","3","3","3","3","3","NBS","walleye pollock","21740",NA,NA,NA,"total_catch_wt_kg ~ 0 + factor(year)","delta_gamma","TRUE","iid, iid","walleye_pollock","08_3","sigma_E","0.186929228476443","107.100227395526","0","Inf"
"4","4","4","4","4","4","4","4","4","4","4","4","4","4","4","4","4","4","4","4","4","4","4","4","4","4","4","4","4","4","4","4","4","4","4","4","4","4","4","4","4","4","4","4","4","4","4",NA,"NBS","walleye pollock","21740",NA,NA,NA,"total_catch_wt_kg ~ 0 + factor(year)","delta_gamma","TRUE","iid, iid","walleye_pollock","1_1","range","2.52429640588412","2792.50659743609","0","Inf"
"5","5","5","5","5","5","5","5","5","5","5","5","5","5","5","5","5","5","5","5","5","5","5","5","5","5","5","5","5","5","5","5","5","5","5","5","5","5","5","5","5","5","5","5","5","5","5",NA,"NBS","walleye pollock","21740",NA,NA,NA,"total_catch_wt_kg ~ 0 + factor(year)","delta_gamma","TRUE","iid, iid","walleye_pollock","1_1","sigma_O","0.258926481367646","297.585950619235","0","Inf"
"6","6","6","6","6","6","6","6","6","6","6","6","6","6","6","6","6","6","6","6","6","6","6","6","6","6","6","6","6","6","6","6","6","6","6","6","6","6","6","6","6","6","6","6","6","6","6",NA,"NBS","walleye pollock","21740",NA,NA,NA,"total_catch_wt_kg ~ 0 + factor(year)","delta_gamma","TRUE","iid, iid","walleye_pollock","1_1","sigma_E","0.24760975949757","274.008494959945","0","Inf"
"7","7","7","7","7","7","7","7","7","7","7","7","7","7","7","7","7","7","7","7","7","7","7","7","7","7","7","7","7","7","7","7","7","7","7","7","7","7","7","7","7","7","7","7","7","7",NA,NA,"NBS","walleye pollock","21740",NA,NA,NA,"total_catch_wt_kg ~ 0 + factor(year)","delta_gamma","TRUE","iid, iid","walleye_pollock","02_1","range","2.86358111802801","NaN","NaN","NaN"
"8","8","8","8","8","8","8","8","8","8","8","8","8","8","8","8","8","8","8","8","8","8","8","8","8","8","8","8","8","8","8","8","8","8","8","8","8","8","8","8","8","8","8","8","8","8",NA,NA,"NBS","walleye pollock","21740",NA,NA,NA,"total_catch_wt_kg ~ 0 + factor(year)","delta_gamma","TRUE","iid, iid","walleye_pollock","02_1","sigma_O","0.281972153233134","NaN","NaN","NaN"
"9","9","9","9","9","9","9","9","9","9","9","9","9","9","9","9","9","9","9","9","9","9","9","9","9","9","9","9","9","9","9","9","9","9","9","9","9","9","9","9","9","9","9","9","9","9",NA,NA,"NBS","walleye pollock","21740",NA,NA,NA,"total_catch_wt_kg ~ 0 + factor(year)","delta_gamma","TRUE","iid, iid","walleye_pollock","02_1","sigma_E","0.289095515044818","NaN","NaN","NaN"
"10","10","10","10","10","10","10","10","10","10","10","10","10","10","10","10","10","10","10","10","10","10","10","10","10","10","10","10","10","10","10","10","10","10","10","10","10","10","10","10","10","10","10","10","10",NA,NA,NA,"NBS","walleye pollock","21740",NA,NA,NA,"total_catch_wt_kg ~ 0 + factor(year)","delta_gamma","TRUE","iid, iid","walleye_pollock","02_2","range","1.56020140612345","NaN","NaN","NaN"
"11","11","11","11","11","11","11","11","11","11","11","11","11","11","11","11","11","11","11","11","11","11","11","11","11","11","11","11","11","11","11","11","11","11","11","11","11","11","11","11","11","11","11","11","11",NA,NA,NA,"NBS","walleye pollock","21740",NA,NA,NA,"total_catch_wt_kg ~ 0 + factor(year)","delta_gamma","TRUE","iid, iid","walleye_pollock","02_2","sigma_O","0.325607880722221","1.76710730392922","7.81874389344365e-06","13559.7857447817"
"12","12","12","12","12","12","12","12","12","12","12","12","12","12","12","12","12","12","12","12","12","12","12","12","12","12","12","12","12","12","12","12","12","12","12","12","12","12","12","12","12","12","12","12","12",NA,NA,NA,"NBS","walleye pollock","21740",NA,NA,NA,"total_catch_wt_kg ~ 0 + factor(year)","delta_gamma","TRUE","iid, iid","walleye_pollock","02_2","sigma_E","0.154136799462079","0.575376835484404","0.00010243737323763","231.928564717291"
"13","13","13","13","13","13","13","13","13","13","13","13","13","13","13","13","13","13","13","13","13","13","13","13","13","13","13","13","13","13","13","13","13","13","13","13","13","13","13","13","13","13","13","13",NA,NA,NA,NA,"NBS","walleye pollock","21740",NA,NA,NA,"total_catch_wt_kg ~ 0 + factor(year)","delta_gamma","TRUE","iid, iid","walleye_pollock","02_3","range","2.76581424860648","30.082529146553","1.52645187267213e-09","5011444248.4213"
"14","14","14","14","14","14","14","14","14","14","14","14","14","14","14","14","14","14","14","14","14","14","14","14","14","14","14","14","14","14","14","14","14","14","14","14","14","14","14","14","14","14","14","14",NA,NA,NA,NA,"NBS","walleye pollock","21740",NA,NA,NA,"total_catch_wt_kg ~ 0 + factor(year)","delta_gamma","TRUE","iid, iid","walleye_pollock","02_3","sigma_O","0.272036034106039","2.06204658772292","9.60454188181383e-08","770506.337134806"
"15","15","15","15","15","15","15","15","15","15","15","15","15","15","15","15","15","15","15","15","15","15","15","15","15","15","15","15","15","15","15","15","15","15","15","15","15","15","15","15","15","15","15","15",NA,NA,NA,NA,"NBS","walleye pollock","21740",NA,NA,NA,"total_catch_wt_kg ~ 0 + factor(year)","delta_gamma","TRUE","iid, iid","walleye_pollock","02_3","sigma_E","0.27685200360109","3.08170945190148","9.27488831647382e-11","826393044.127546"
"16","16","16","16","16","16","16","16","16","16","16","16","16","16","16","16","16","16","16","16","16","16","16","16","16","16","16","16","16","16","16","16","16","16","16","16","16","16","16","16","16","16","16",NA,NA,NA,NA,NA,"NBS","walleye pollock","21740",NA,NA,NA,"total_catch_wt_kg ~ 0 + factor(year)","delta_gamma","TRUE","iid, iid","walleye_pollock","02_1","range","2.86358111802801","NaN","NaN","NaN"
"17","17","17","17","17","17","17","17","17","17","17","17","17","17","17","17","17","17","17","17","17","17","17","17","17","17","17","17","17","17","17","17","17","17","17","17","17","17","17","17","17","17","17",NA,NA,NA,NA,NA,"NBS","walleye pollock","21740",NA,NA,NA,"total_catch_wt_kg ~ 0 + factor(year)","delta_gamma","TRUE","iid, iid","walleye_pollock","02_1","sigma_O","0.281972153233134","NaN","NaN","NaN"
"18","18","18","18","18","18","18","18","18","18","18","18","18","18","18","18","18","18","18","18","18","18","18","18","18","18","18","18","18","18","18","18","18","18","18","18","18","18","18","18","18","18","18",NA,NA,NA,NA,NA,"NBS","walleye pollock","21740",NA,NA,NA,"total_catch_wt_kg ~ 0 + factor(year)","delta_gamma","TRUE","iid, iid","walleye_pollock","02_1","sigma_E","0.289095515044818","NaN","NaN","NaN"
"19","19","19","19","19","19","19","19","19","19","19","19","19","19","19","19","19","19","19","19","19","19","19","19","19","19","19","19","19","19","19","19","19","19","19","19","19","19","19","19","19","19",NA,NA,NA,NA,NA,NA,"NBS","walleye pollock","21740",NA,NA,NA,"total_catch_wt_kg ~ 0 + factor(year)","delta_gamma","TRUE","iid, iid","walleye_pollock","02_1","range","2.86358111802801","NaN","NaN","NaN"
"20","20","20","20","20","20","20","20","20","20","20","20","20","20","20","20","20","20","20","20","20","20","20","20","20","20","20","20","20","20","20","20","20","20","20","20","20","20","20","20","20","20",NA,NA,NA,NA,NA,NA,"NBS","walleye pollock","21740",NA,NA,NA,"total_catch_wt_kg ~ 0 + factor(year)","delta_gamma","TRUE","iid, iid","walleye_pollock","02_1","sigma_O","0.281972153233134","NaN","NaN","NaN"
"21","21","21","21","21","21","21","21","21","21","21","21","21","21","21","21","21","21","21","21","21","21","21","21","21","21","21","21","21","21","21","21","21","21","21","21","21","21","21","21","21","21",NA,NA,NA,NA,NA,NA,"NBS","walleye pollock","21740",NA,NA,NA,"total_catch_wt_kg ~ 0 + factor(year)","delta_gamma","TRUE","iid, iid","walleye_pollock","02_1","sigma_E","0.289095515044818","NaN","NaN","NaN"
"22","22","22","22","22","22","22","22","22","22","22","22","22","22","22","22","22","22","22","22","22","22","22","22","22","22","22","22","22","22","22","22","22","22","22","22","22","22","22","22","22",NA,NA,NA,NA,NA,NA,NA,"NBS","walleye pollock","21740",NA,NA,NA,"total_catch_wt_kg ~ 0 + factor(year)","delta_gamma","TRUE","iid, iid","walleye_pollock","02_2","range","1.56020140612345","NaN","NaN","NaN"
"23","23","23","23","23","23","23","23","23","23","23","23","23","23","23","23","23","23","23","23","23","23","23","23","23","23","23","23","23","23","23","23","23","23","23","23","23","23","23","23","23",NA,NA,NA,NA,NA,NA,NA,"NBS","walleye pollock","21740",NA,NA,NA,"total_catch_wt_kg ~ 0 + factor(year)","delta_gamma","TRUE","iid, iid","walleye_pollock","02_2","sigma_O","0.325607880722221","1.76710730392922","7.81874389344365e-06","13559.7857447817"
"24","24","24","24","24","24","24","24","24","24","24","24","24","24","24","24","24","24","24","24","24","24","24","24","24","24","24","24","24","24","24","24","24","24","24","24","24","24","24","24","24",NA,NA,NA,NA,NA,NA,NA,"NBS","walleye pollock","21740",NA,NA,NA,"total_catch_wt_kg ~ 0 + factor(year)","delta_gamma","TRUE","iid, iid","walleye_pollock","02_2","sigma_E","0.154136799462079","0.575376835484404","0.00010243737323763","231.928564717291"
"25","25","25","25","25","25","25","25","25","25","25","25","25","25","25","25","25","25","25","25","25","25","25","25","25","25","25","25","25","25","25","25","25","25","25","25","25","25","25","25",NA,NA,NA,NA,NA,NA,NA,NA,"NBS","walleye pollock","21740",NA,NA,NA,"total_catch_wt_kg ~ 0 + factor(year)","delta_gamma","TRUE","iid, iid","walleye_pollock","02_3","range","2.76581424860648","30.082529146553","1.52645187267213e-09","5011444248.4213"
"26","26","26","26","26","26","26","26","26","26","26","26","26","26","26","26","26","26","26","26","26","26","26","26","26","26","26","26","26","26","26","26","26","26","26","26","26","26","26","26",NA,NA,NA,NA,NA,NA,NA,NA,"NBS","walleye pollock","21740",NA,NA,NA,"total_catch_wt_kg ~ 0 + factor(year)","delta_gamma","TRUE","iid, iid","walleye_pollock","02_3","sigma_O","0.272036034106039","2.06204658772292","9.60454188181383e-08","770506.337134806"
"27","27","27","27","27","27","27","27","27","27","27","27","27","27","27","27","27","27","27","27","27","27","27","27","27","27","27","27","27","27","27","27","27","27","27","27","27","27","27","27",NA,NA,NA,NA,NA,NA,NA,NA,"NBS","walleye pollock","21740",NA,NA,NA,"total_catch_wt_kg ~ 0 + factor(year)","delta_gamma","TRUE","iid, iid","walleye_pollock","02_3","sigma_E","0.27685200360109","3.08170945190148","9.27488831647382e-11","826393044.127546"
"28","28","28","28","28","28","28","28","28","28","28","28","28","28","28","28","28","28","28","28","28","28","28","28","28","28","28","28","28","28","28","28","28","28","28","28","28","28","28",NA,NA,NA,NA,NA,NA,NA,NA,NA,"NBS","walleye pollock","21740",NA,NA,NA,"total_catch_wt_kg ~ 0 + factor(year)","delta_gamma","TRUE","iid, iid","walleye_pollock","02_1","range","2.86358111802801","NaN","NaN","NaN"
"29","29","29","29","29","29","29","29","29","29","29","29","29","29","29","29","29","29","29","29","29","29","29","29","29","29","29","29","29","29","29","29","29","29","29","29","29","29","29",NA,NA,NA,NA,NA,NA,NA,NA,NA,"NBS","walleye pollock","21740",NA,NA,NA,"total_catch_wt_kg ~ 0 + factor(year)","delta_gamma","TRUE","iid, iid","walleye_pollock","02_1","sigma_O","0.281972153233134","NaN","NaN","NaN"
"30","30","30","30","30","30","30","30","30","30","30","30","30","30","30","30","30","30","30","30","30","30","30","30","30","30","30","30","30","30","30","30","30","30","30","30","30","30","30",NA,NA,NA,NA,NA,NA,NA,NA,NA,"NBS","walleye pollock","21740",NA,NA,NA,"total_catch_wt_kg ~ 0 + factor(year)","delta_gamma","TRUE","iid, iid","walleye_pollock","02_1","sigma_E","0.289095515044818","NaN","NaN","NaN"
"31","31","31","31","31","31","31","31","31","31","31","31","31","31","31","31","31","31","31","31","31","31","31","31","31","31","31","31","31","31","31","31","31","31","31","31","31","31",NA,NA,NA,NA,NA,NA,NA,NA,NA,NA,"NBS","walleye pollock","21740",NA,NA,NA,"total_catch_wt_kg ~ 0 + factor(year)","delta_gamma","TRUE","iid, iid","walleye_pollock","02_2","range","1.56020140612345","NaN","NaN","NaN"
"32","32","32","32","32","32","32","32","32","32","32","32","32","32","32","32","32","32","32","32","32","32","32","32","32","32","32","32","32","32","32","32","32","32","32","32","32","32",NA,NA,NA,NA,NA,NA,NA,NA,NA,NA,"NBS","walleye pollock","21740",NA,NA,NA,"total_catch_wt_kg ~ 0 + factor(year)","delta_gamma","TRUE","iid, iid","walleye_pollock","02_2","sigma_O","0.325607880722221","1.76710730392922","7.81874389344365e-06","13559.7857447817"
"33","33","33","33","33","33","33","33","33","33","33","33","33","33","33","33","33","33","33","33","33","33","33","33","33","33","33","33","33","33","33","33","33","33","33","33","33","33",NA,NA,NA,NA,NA,NA,NA,NA,NA,NA,"NBS","walleye pollock","21740",NA,NA,NA,"total_catch_wt_kg ~ 0 + factor(year)","delta_gamma","TRUE","iid, iid","walleye_pollock","02_2","sigma_E","0.154136799462079","0.575376835484404","0.00010243737323763","231.928564717291"
"34","34","34","34","34","34","34","34","34","34","34","34","34","34","34","34","34","34","34","34","34","34","34","34","34","34","34","34","34","34","34","34","34","34","34","34","34",NA,NA,NA,NA,NA,NA,NA,NA,NA,NA,NA,"NBS","walleye pollock","21740",NA,NA,NA,"total_catch_wt_kg ~ 0 + factor(year)","delta_gamma","TRUE","iid, iid","walleye_pollock","02_3","range","2.76581424860648","30.082529146553","1.52645187267213e-09","5011444248.4213"
"35","35","35","35","35","35","35","35","35","35","35","35","35","35","35","35","35","35","35","35","35","35","35","35","35","35","35","35","35","35","35","35","35","35","35","35","35",NA,NA,NA,NA,NA,NA,NA,NA,NA,NA,NA,"NBS","walleye pollock","21740",NA,NA,NA,"total_catch_wt_kg ~ 0 + factor(year)","delta_gamma","TRUE","iid, iid","walleye_pollock","02_3","sigma_O","0.272036034106039","2.06204658772292","9.60454188181383e-08","770506.337134806"
"36","36","36","36","36","36","36","36","36","36","36","36","36","36","36","36","36","36","36","36","36","36","36","36","36","36","36","36","36","36","36","36","36","36","36","36","36",NA,NA,NA,NA,NA,NA,NA,NA,NA,NA,NA,"NBS","walleye pollock","21740",NA,NA,NA,"total_catch_wt_kg ~ 0 + factor(year)","delta_gamma","TRUE","iid, iid","walleye_pollock","02_3","sigma_E","0.27685200360109","3.08170945190148","9.27488831647382e-11","826393044.127546"
"37","37","37","37","37","37","37","37","37","37","37","37","37","37","37","37","37","37","37","37","37","37","37","37","37","37","37","37","37","37","37","37","37","37","37","37",NA,NA,NA,NA,NA,NA,NA,NA,NA,NA,NA,NA,"NBS","walleye pollock","21740",NA,NA,NA,"total_catch_wt_kg ~ 0 + factor(year)","delta_gamma","TRUE","iid, iid","walleye_pollock","04_1","range","2.83894340198411","NaN","NaN","NaN"
"38","38","38","38","38","38","38","38","38","38","38","38","38","38","38","38","38","38","38","38","38","38","38","38","38","38","38","38","38","38","38","38","38","38","38","38",NA,NA,NA,NA,NA,NA,NA,NA,NA,NA,NA,NA,"NBS","walleye pollock","21740",NA,NA,NA,"total_catch_wt_kg ~ 0 + factor(year)","delta_gamma","TRUE","iid, iid","walleye_pollock","04_1","sigma_O","0.286778838790882","NaN","NaN","NaN"
"39","39","39","39","39","39","39","39","39","39","39","39","39","39","39","39","39","39","39","39","39","39","39","39","39","39","39","39","39","39","39","39","39","39","39","39",NA,NA,NA,NA,NA,NA,NA,NA,NA,NA,NA,NA,"NBS","walleye pollock","21740",NA,NA,NA,"total_catch_wt_kg ~ 0 + factor(year)","delta_gamma","TRUE","iid, iid","walleye_pollock","04_1","sigma_E","0.27927850851441","NaN","NaN","NaN"
"40","40","40","40","40","40","40","40","40","40","40","40","40","40","40","40","40","40","40","40","40","40","40","40","40","40","40","40","40","40","40","40","40","40","40",NA,NA,NA,NA,NA,NA,NA,NA,NA,NA,NA,NA,NA,"NBS","walleye pollock","21740",NA,NA,NA,"total_catch_wt_kg ~ 0 + factor(year)","delta_gamma","TRUE","iid, iid","walleye_pollock","04_2","range","3.8116128647264","949.899936528565","2.82754297104426e-212","5.1381686429974e+212"
"41","41","41","41","41","41","41","41","41","41","41","41","41","41","41","41","41","41","41","41","41","41","41","41","41","41","41","41","41","41","41","41","41","41","41",NA,NA,NA,NA,NA,NA,NA,NA,NA,NA,NA,NA,NA,"NBS","walleye pollock","21740",NA,NA,NA,"total_catch_wt_kg ~ 0 + factor(year)","delta_gamma","TRUE","iid, iid","walleye_pollock","04_2","sigma_O","0.367362345014771","91.8950895623834","4.34931895761547e-214","3.10290171518569e+212"
"42","42","42","42","42","42","42","42","42","42","42","42","42","42","42","42","42","42","42","42","42","42","42","42","42","42","42","42","42","42","42","42","42","42","42",NA,NA,NA,NA,NA,NA,NA,NA,NA,NA,NA,NA,NA,"NBS","walleye pollock","21740",NA,NA,NA,"total_catch_wt_kg ~ 0 + factor(year)","delta_gamma","TRUE","iid, iid","walleye_pollock","04_2","sigma_E","0.380372430593356","94.8969229376184","1.65518864241197e-213","8.74119011260673e+211"
"43","43","43","43","43","43","43","43","43","43","43","43","43","43","43","43","43","43","43","43","43","43","43","43","43","43","43","43","43","43","43","43","43","43",NA,NA,NA,NA,NA,NA,NA,NA,NA,NA,NA,NA,NA,NA,"NBS","walleye pollock","21740",NA,NA,NA,"total_catch_wt_kg ~ 0 + factor(year)","delta_gamma","TRUE","iid, iid","walleye_pollock","04_3","range","2.82572005766611","0.145683481724116","2.55413818099681","3.12617927397348"
"44","44","44","44","44","44","44","44","44","44","44","44","44","44","44","44","44","44","44","44","44","44","44","44","44","44","44","44","44","44","44","44","44","44",NA,NA,NA,NA,NA,NA,NA,NA,NA,NA,NA,NA,NA,NA,"NBS","walleye pollock","21740",NA,NA,NA,"total_catch_wt_kg ~ 0 + factor(year)","delta_gamma","TRUE","iid, iid","walleye_pollock","04_3","sigma_O","0.284052956694573","0.0126298635533092","0.260346827101269","0.309917670613837"
"45","45","45","45","45","45","45","45","45","45","45","45","45","45","45","45","45","45","45","45","45","45","45","45","45","45","45","45","45","45","45","45","45","45",NA,NA,NA,NA,NA,NA,NA,NA,NA,NA,NA,NA,NA,NA,"NBS","walleye pollock","21740",NA,NA,NA,"total_catch_wt_kg ~ 0 + factor(year)","delta_gamma","TRUE","iid, iid","walleye_pollock","04_3","sigma_E","0.287753390419554","0.0149882382292414","0.259826733559283","0.318681655900722"
"46","46","46","46","46","46","46","46","46","46","46","46","46","46","46","46","46","46","46","46","46","46","46","46","46","46","46","46","46","46","46","46","46",NA,NA,NA,NA,NA,NA,NA,NA,NA,NA,NA,NA,NA,NA,NA,"NBS","walleye pollock","21740",NA,NA,NA,"total_catch_wt_kg ~ 0 + factor(year)","delta_gamma","TRUE","iid, iid","walleye_pollock","06_1","range","2.85334490020937","NaN","NaN","NaN"
"47","47","47","47","47","47","47","47","47","47","47","47","47","47","47","47","47","47","47","47","47","47","47","47","47","47","47","47","47","47","47","47","47",NA,NA,NA,NA,NA,NA,NA,NA,NA,NA,NA,NA,NA,NA,NA,"NBS","walleye pollock","21740",NA,NA,NA,"total_catch_wt_kg ~ 0 + factor(year)","delta_gamma","TRUE","iid, iid","walleye_pollock","06_1","sigma_O","0.281419027588533","NaN","NaN","NaN"
"48","48","48","48","48","48","48","48","48","48","48","48","48","48","48","48","48","48","48","48","48","48","48","48","48","48","48","48","48","48","48","48","48",NA,NA,NA,NA,NA,NA,NA,NA,NA,NA,NA,NA,NA,NA,NA,"NBS","walleye pollock","21740",NA,NA,NA,"total_catch_wt_kg ~ 0 + factor(year)","delta_gamma","TRUE","iid, iid","walleye_pollock","06_1","sigma_E","0.285137683997022","NaN","NaN","NaN"
"49","49","49","49","49","49","49","49","49","49","49","49","49","49","49","49","49","49","49","49","49","49","49","49","49","49","49","49","49","49","49","49",NA,NA,NA,NA,NA,NA,NA,NA,NA,NA,NA,NA,NA,NA,NA,NA,"NBS","walleye pollock","21740",NA,NA,NA,"total_catch_wt_kg ~ 0 + factor(year)","delta_gamma","TRUE","iid, iid","walleye_pollock","06_2","range","2.7245107365391","22.8875346687487","1.92611310303814e-07","38538540.3474402"
"50","50","50","50","50","50","50","50","50","50","50","50","50","50","50","50","50","50","50","50","50","50","50","50","50","50","50","50","50","50","50","50",NA,NA,NA,NA,NA,NA,NA,NA,NA,NA,NA,NA,NA,NA,NA,NA,"NBS","walleye pollock","21740",NA,NA,NA,"total_catch_wt_kg ~ 0 + factor(year)","delta_gamma","TRUE","iid, iid","walleye_pollock","06_2","sigma_O","0.272023634003974","NaN","NaN","NaN"
"51","51","51","51","51","51","51","51","51","51","51","51","51","51","51","51","51","51","51","51","51","51","51","51","51","51","51","51","51","51","51","51",NA,NA,NA,NA,NA,NA,NA,NA,NA,NA,NA,NA,NA,NA,NA,NA,"NBS","walleye pollock","21740",NA,NA,NA,"total_catch_wt_kg ~ 0 + factor(year)","delta_gamma","TRUE","iid, iid","walleye_pollock","06_2","sigma_E","0.286251096085535","2.36597348897245","2.63781733573421e-08","3106344.35903285"
"52","52","52","52","52","52","52","52","52","52","52","52","52","52","52","52","52","52","52","52","52","52","52","52","52","52","52","52","52","52","52",NA,NA,NA,NA,NA,NA,NA,NA,NA,NA,NA,NA,NA,NA,NA,NA,NA,"NBS","walleye pollock","21740",NA,NA,NA,"total_catch_wt_kg ~ 0 + factor(year)","delta_gamma","TRUE","iid, iid","walleye_pollock","06_3","range","2.45440296541292","1483.51217413752","0","Inf"
"53","53","53","53","53","53","53","53","53","53","53","53","53","53","53","53","53","53","53","53","53","53","53","53","53","53","53","53","53","53","53",NA,NA,NA,NA,NA,NA,NA,NA,NA,NA,NA,NA,NA,NA,NA,NA,NA,"NBS","walleye pollock","21740",NA,NA,NA,"total_catch_wt_kg ~ 0 + factor(year)","delta_gamma","TRUE","iid, iid","walleye_pollock","06_3","sigma_O","0.266287059805194","165.932264981344","0","Inf"
"54","54","54","54","54","54","54","54","54","54","54","54","54","54","54","54","54","54","54","54","54","54","54","54","54","54","54","54","54","54","54",NA,NA,NA,NA,NA,NA,NA,NA,NA,NA,NA,NA,NA,NA,NA,NA,NA,"NBS","walleye pollock","21740",NA,NA,NA,"total_catch_wt_kg ~ 0 + factor(year)","delta_gamma","TRUE","iid, iid","walleye_pollock","06_3","sigma_E","0.245542144617063","151.726368934109","0","Inf"
"55","55","55","55","55","55","55","55","55","55","55","55","55","55","55","55","55","55","55","55","55","55","55","55","55","55","55","55","55","55",NA,NA,NA,NA,NA,NA,NA,NA,NA,NA,NA,NA,NA,NA,NA,NA,NA,NA,"NBS","walleye pollock","21740",NA,NA,NA,"total_catch_wt_kg ~ 0 + factor(year)","delta_gamma","TRUE","iid, iid","walleye_pollock","08_1","range","2.65736542232275","NaN","NaN","NaN"
"56","56","56","56","56","56","56","56","56","56","56","56","56","56","56","56","56","56","56","56","56","56","56","56","56","56","56","56","56","56",NA,NA,NA,NA,NA,NA,NA,NA,NA,NA,NA,NA,NA,NA,NA,NA,NA,NA,"NBS","walleye pollock","21740",NA,NA,NA,"total_catch_wt_kg ~ 0 + factor(year)","delta_gamma","TRUE","iid, iid","walleye_pollock","08_1","sigma_O","0.279213345502282","NaN","NaN","NaN"
"57","57","57","57","57","57","57","57","57","57","57","57","57","57","57","57","57","57","57","57","57","57","57","57","57","57","57","57","57","57",NA,NA,NA,NA,NA,NA,NA,NA,NA,NA,NA,NA,NA,NA,NA,NA,NA,NA,"NBS","walleye pollock","21740",NA,NA,NA,"total_catch_wt_kg ~ 0 + factor(year)","delta_gamma","TRUE","iid, iid","walleye_pollock","08_1","sigma_E","0.265235298535947","NaN","NaN","NaN"
"58","58","58","58","58","58","58","58","58","58","58","58","58","58","58","58","58","58","58","58","58","58","58","58","58","58","58","58","58",NA,NA,NA,NA,NA,NA,NA,NA,NA,NA,NA,NA,NA,NA,NA,NA,NA,NA,NA,"NBS","walleye pollock","21740",NA,NA,NA,"total_catch_wt_kg ~ 0 + factor(year)","delta_gamma","TRUE","iid, iid","walleye_pollock","08_2","range","2.8237832569288","304.360381862682","5.06294894658767e-92","1.57492243477698e+92"
"59","59","59","59","59","59","59","59","59","59","59","59","59","59","59","59","59","59","59","59","59","59","59","59","59","59","59","59","59",NA,NA,NA,NA,NA,NA,NA,NA,NA,NA,NA,NA,NA,NA,NA,NA,NA,NA,NA,"NBS","walleye pollock","21740",NA,NA,NA,"total_catch_wt_kg ~ 0 + factor(year)","delta_gamma","TRUE","iid, iid","walleye_pollock","08_2","sigma_O","0.285117029782454","30.6275619085493","1.04252362846924e-92","7.79759023700324e+90"
"60","60","60","60","60","60","60","60","60","60","60","60","60","60","60","60","60","60","60","60","60","60","60","60","60","60","60","60","60",NA,NA,NA,NA,NA,NA,NA,NA,NA,NA,NA,NA,NA,NA,NA,NA,NA,NA,NA,"NBS","walleye pollock","21740",NA,NA,NA,"total_catch_wt_kg ~ 0 + factor(year)","delta_gamma","TRUE","iid, iid","walleye_pollock","08_2","sigma_E","0.280634139987337","30.1430687236941","1.04739462916768e-92","7.51918315535131e+90"
"61","61","61","61","61","61","61","61","61","61","61","61","61","61","61","61","61","61","61","61","61","61","61","61","61","61","61","61",NA,NA,NA,NA,NA,NA,NA,NA,NA,NA,NA,NA,NA,NA,NA,NA,NA,NA,NA,NA,"NBS","walleye pollock","21740",NA,NA,NA,"total_catch_wt_kg ~ 0 + factor(year)","delta_gamma","TRUE","iid, iid","walleye_pollock","08_3","range","1.89123299141879","1070.22344749127","0","Inf"
"62","62","62","62","62","62","62","62","62","62","62","62","62","62","62","62","62","62","62","62","62","62","62","62","62","62","62","62",NA,NA,NA,NA,NA,NA,NA,NA,NA,NA,NA,NA,NA,NA,NA,NA,NA,NA,NA,NA,"NBS","walleye pollock","21740",NA,NA,NA,"total_catch_wt_kg ~ 0 + factor(year)","delta_gamma","TRUE","iid, iid","walleye_pollock","08_3","sigma_O","0.192244551763682","95.8763731416689","0","Inf"
"63","63","63","63","63","63","63","63","63","63","63","63","63","63","63","63","63","63","63","63","63","63","63","63","63","63","63","63",NA,NA,NA,NA,NA,NA,NA,NA,NA,NA,NA,NA,NA,NA,NA,NA,NA,NA,NA,NA,"NBS","walleye pollock","21740",NA,NA,NA,"total_catch_wt_kg ~ 0 + factor(year)","delta_gamma","TRUE","iid, iid","walleye_pollock","08_3","sigma_E","0.186929228476443","107.100227395526","0","Inf"
"64","64","64","64","64","64","64","64","64","64","64","64","64","64","64","64","64","64","64","64","64","64","64","64","64","64","64",NA,NA,NA,NA,NA,NA,NA,NA,NA,NA,NA,NA,NA,NA,NA,NA,NA,NA,NA,NA,NA,"NBS","walleye pollock","21740",NA,NA,NA,"total_catch_wt_kg ~ 0 + factor(year)","delta_gamma","TRUE","iid, iid","walleye_pollock","1_1","range","2.52429640588412","2792.50659743609","0","Inf"
"65","65","65","65","65","65","65","65","65","65","65","65","65","65","65","65","65","65","65","65","65","65","65","65","65","65","65",NA,NA,NA,NA,NA,NA,NA,NA,NA,NA,NA,NA,NA,NA,NA,NA,NA,NA,NA,NA,NA,"NBS","walleye pollock","21740",NA,NA,NA,"total_catch_wt_kg ~ 0 + factor(year)","delta_gamma","TRUE","iid, iid","walleye_pollock","1_1","sigma_O","0.258926481367646","297.585950619235","0","Inf"
"66","66","66","66","66","66","66","66","66","66","66","66","66","66","66","66","66","66","66","66","66","66","66","66","66","66","66",NA,NA,NA,NA,NA,NA,NA,NA,NA,NA,NA,NA,NA,NA,NA,NA,NA,NA,NA,NA,NA,"NBS","walleye pollock","21740",NA,NA,NA,"total_catch_wt_kg ~ 0 + factor(year)","delta_gamma","TRUE","iid, iid","walleye_pollock","1_1","sigma_E","0.24760975949757","274.008494959945","0","Inf"
"67","67","67","67","67","67","67","67","67","67","67","67","67","67","67","67","67","67","67","67","67","67","67","67","67","67",NA,NA,NA,NA,NA,NA,NA,NA,NA,NA,NA,NA,NA,NA,NA,NA,NA,NA,NA,NA,NA,NA,"NBS","walleye pollock","21740",NA,NA,NA,"total_catch_wt_kg ~ 0 + factor(year)","delta_gamma","TRUE","iid, iid","walleye_pollock","02_1","range","2.88342268875816","0.0437694954606423","2.79889963950856","2.97049822176017"
"68","68","68","68","68","68","68","68","68","68","68","68","68","68","68","68","68","68","68","68","68","68","68","68","68","68",NA,NA,NA,NA,NA,NA,NA,NA,NA,NA,NA,NA,NA,NA,NA,NA,NA,NA,NA,NA,NA,NA,"NBS","walleye pollock","21740",NA,NA,NA,"total_catch_wt_kg ~ 0 + factor(year)","delta_gamma","TRUE","iid, iid","walleye_pollock","02_1","sigma_O","0.29049188854581","NaN","NaN","NaN"
"69","69","69","69","69","69","69","69","69","69","69","69","69","69","69","69","69","69","69","69","69","69","69","69","69","69",NA,NA,NA,NA,NA,NA,NA,NA,NA,NA,NA,NA,NA,NA,NA,NA,NA,NA,NA,NA,NA,NA,"NBS","walleye pollock","21740",NA,NA,NA,"total_catch_wt_kg ~ 0 + factor(year)","delta_gamma","TRUE","iid, iid","walleye_pollock","02_1","sigma_E","0.337857031965428","0.00636752222741841","0.325604607291784","0.350570512493386"
"70","70","70","70","70","70","70","70","70","70","70","70","70","70","70","70","70","70","70","70","70","70","70","70","70",NA,NA,NA,NA,NA,NA,NA,NA,NA,NA,NA,NA,NA,NA,NA,NA,NA,NA,NA,NA,NA,NA,NA,"NBS","walleye pollock","21740",NA,NA,NA,"total_catch_wt_kg ~ 0 + factor(year)","delta_gamma","TRUE","iid, iid","walleye_pollock","02_2","range","1.56020140612345","NaN","NaN","NaN"
"71","71","71","71","71","71","71","71","71","71","71","71","71","71","71","71","71","71","71","71","71","71","71","71","71",NA,NA,NA,NA,NA,NA,NA,NA,NA,NA,NA,NA,NA,NA,NA,NA,NA,NA,NA,NA,NA,NA,NA,"NBS","walleye pollock","21740",NA,NA,NA,"total_catch_wt_kg ~ 0 + factor(year)","delta_gamma","TRUE","iid, iid","walleye_pollock","02_2","sigma_O","0.325607880722221","1.76710730392922","7.81874389344365e-06","13559.7857447817"
"72","72","72","72","72","72","72","72","72","72","72","72","72","72","72","72","72","72","72","72","72","72","72","72","72",NA,NA,NA,NA,NA,NA,NA,NA,NA,NA,NA,NA,NA,NA,NA,NA,NA,NA,NA,NA,NA,NA,NA,"NBS","walleye pollock","21740",NA,NA,NA,"total_catch_wt_kg ~ 0 + factor(year)","delta_gamma","TRUE","iid, iid","walleye_pollock","02_2","sigma_E","0.154136799462079","0.575376835484404","0.00010243737323763","231.928564717291"
"73","73","73","73","73","73","73","73","73","73","73","73","73","73","73","73","73","73","73","73","73","73","73","73",NA,NA,NA,NA,NA,NA,NA,NA,NA,NA,NA,NA,NA,NA,NA,NA,NA,NA,NA,NA,NA,NA,NA,NA,"NBS","walleye pollock","21740",NA,NA,NA,"total_catch_wt_kg ~ 0 + factor(year)","delta_gamma","TRUE","iid, iid","walleye_pollock","02_3","range","2.76581424860648","30.082529146553","1.52645187267213e-09","5011444248.4213"
"74","74","74","74","74","74","74","74","74","74","74","74","74","74","74","74","74","74","74","74","74","74","74","74",NA,NA,NA,NA,NA,NA,NA,NA,NA,NA,NA,NA,NA,NA,NA,NA,NA,NA,NA,NA,NA,NA,NA,NA,"NBS","walleye pollock","21740",NA,NA,NA,"total_catch_wt_kg ~ 0 + factor(year)","delta_gamma","TRUE","iid, iid","walleye_pollock","02_3","sigma_O","0.272036034106039","2.06204658772292","9.60454188181383e-08","770506.337134806"
"75","75","75","75","75","75","75","75","75","75","75","75","75","75","75","75","75","75","75","75","75","75","75","75",NA,NA,NA,NA,NA,NA,NA,NA,NA,NA,NA,NA,NA,NA,NA,NA,NA,NA,NA,NA,NA,NA,NA,NA,"NBS","walleye pollock","21740",NA,NA,NA,"total_catch_wt_kg ~ 0 + factor(year)","delta_gamma","TRUE","iid, iid","walleye_pollock","02_3","sigma_E","0.27685200360109","3.08170945190148","9.27488831647382e-11","826393044.127546"
"76","76","76","76","76","76","76","76","76","76","76","76","76","76","76","76","76","76","76","76","76","76","76",NA,NA,NA,NA,NA,NA,NA,NA,NA,NA,NA,NA,NA,NA,NA,NA,NA,NA,NA,NA,NA,NA,NA,NA,NA,"NBS","walleye pollock","21740",NA,NA,NA,"total_catch_wt_kg ~ 0 + factor(year)","delta_gamma","TRUE","iid, iid","walleye_pollock","04_1","range","2.83894340198411","NaN","NaN","NaN"
"77","77","77","77","77","77","77","77","77","77","77","77","77","77","77","77","77","77","77","77","77","77","77",NA,NA,NA,NA,NA,NA,NA,NA,NA,NA,NA,NA,NA,NA,NA,NA,NA,NA,NA,NA,NA,NA,NA,NA,NA,"NBS","walleye pollock","21740",NA,NA,NA,"total_catch_wt_kg ~ 0 + factor(year)","delta_gamma","TRUE","iid, iid","walleye_pollock","04_1","sigma_O","0.286778838790882","NaN","NaN","NaN"
"78","78","78","78","78","78","78","78","78","78","78","78","78","78","78","78","78","78","78","78","78","78","78",NA,NA,NA,NA,NA,NA,NA,NA,NA,NA,NA,NA,NA,NA,NA,NA,NA,NA,NA,NA,NA,NA,NA,NA,NA,"NBS","walleye pollock","21740",NA,NA,NA,"total_catch_wt_kg ~ 0 + factor(year)","delta_gamma","TRUE","iid, iid","walleye_pollock","04_1","sigma_E","0.27927850851441","NaN","NaN","NaN"
"79","79","79","79","79","79","79","79","79","79","79","79","79","79","79","79","79","79","79","79","79","79",NA,NA,NA,NA,NA,NA,NA,NA,NA,NA,NA,NA,NA,NA,NA,NA,NA,NA,NA,NA,NA,NA,NA,NA,NA,NA,"NBS","walleye pollock","21740",NA,NA,NA,"total_catch_wt_kg ~ 0 + factor(year)","delta_gamma","TRUE","iid, iid","walleye_pollock","04_2","range","3.8116128647264","949.899936528565","2.82754297104426e-212","5.1381686429974e+212"
"80","80","80","80","80","80","80","80","80","80","80","80","80","80","80","80","80","80","80","80","80","80",NA,NA,NA,NA,NA,NA,NA,NA,NA,NA,NA,NA,NA,NA,NA,NA,NA,NA,NA,NA,NA,NA,NA,NA,NA,NA,"NBS","walleye pollock","21740",NA,NA,NA,"total_catch_wt_kg ~ 0 + factor(year)","delta_gamma","TRUE","iid, iid","walleye_pollock","04_2","sigma_O","0.367362345014771","91.8950895623834","4.34931895761547e-214","3.10290171518569e+212"
"81","81","81","81","81","81","81","81","81","81","81","81","81","81","81","81","81","81","81","81","81","81",NA,NA,NA,NA,NA,NA,NA,NA,NA,NA,NA,NA,NA,NA,NA,NA,NA,NA,NA,NA,NA,NA,NA,NA,NA,NA,"NBS","walleye pollock","21740",NA,NA,NA,"total_catch_wt_kg ~ 0 + factor(year)","delta_gamma","TRUE","iid, iid","walleye_pollock","04_2","sigma_E","0.380372430593356","94.8969229376184","1.65518864241197e-213","8.74119011260673e+211"
"82","82","82","82","82","82","82","82","82","82","82","82","82","82","82","82","82","82","82","82","82",NA,NA,NA,NA,NA,NA,NA,NA,NA,NA,NA,NA,NA,NA,NA,NA,NA,NA,NA,NA,NA,NA,NA,NA,NA,NA,NA,"NBS","walleye pollock","21740",NA,NA,NA,"total_catch_wt_kg ~ 0 + factor(year)","delta_gamma","TRUE","iid, iid","walleye_pollock","04_3","range","2.82572005766611","0.145683481724116","2.55413818099681","3.12617927397348"
"83","83","83","83","83","83","83","83","83","83","83","83","83","83","83","83","83","83","83","83","83",NA,NA,NA,NA,NA,NA,NA,NA,NA,NA,NA,NA,NA,NA,NA,NA,NA,NA,NA,NA,NA,NA,NA,NA,NA,NA,NA,"NBS","walleye pollock","21740",NA,NA,NA,"total_catch_wt_kg ~ 0 + factor(year)","delta_gamma","TRUE","iid, iid","walleye_pollock","04_3","sigma_O","0.284052956694573","0.0126298635533092","0.260346827101269","0.309917670613837"
"84","84","84","84","84","84","84","84","84","84","84","84","84","84","84","84","84","84","84","84","84",NA,NA,NA,NA,NA,NA,NA,NA,NA,NA,NA,NA,NA,NA,NA,NA,NA,NA,NA,NA,NA,NA,NA,NA,NA,NA,NA,"NBS","walleye pollock","21740",NA,NA,NA,"total_catch_wt_kg ~ 0 + factor(year)","delta_gamma","TRUE","iid, iid","walleye_pollock","04_3","sigma_E","0.287753390419554","0.0149882382292414","0.259826733559283","0.318681655900722"
"85","85","85","85","85","85","85","85","85","85","85","85","85","85","85","85","85","85","85","85",NA,NA,NA,NA,NA,NA,NA,NA,NA,NA,NA,NA,NA,NA,NA,NA,NA,NA,NA,NA,NA,NA,NA,NA,NA,NA,NA,NA,"NBS","walleye pollock","21740",NA,NA,NA,"total_catch_wt_kg ~ 0 + factor(year)","delta_gamma","TRUE","iid, iid","walleye_pollock","06_1","range","2.85334490020937","NaN","NaN","NaN"
"86","86","86","86","86","86","86","86","86","86","86","86","86","86","86","86","86","86","86","86",NA,NA,NA,NA,NA,NA,NA,NA,NA,NA,NA,NA,NA,NA,NA,NA,NA,NA,NA,NA,NA,NA,NA,NA,NA,NA,NA,NA,"NBS","walleye pollock","21740",NA,NA,NA,"total_catch_wt_kg ~ 0 + factor(year)","delta_gamma","TRUE","iid, iid","walleye_pollock","06_1","sigma_O","0.281419027588533","NaN","NaN","NaN"
"87","87","87","87","87","87","87","87","87","87","87","87","87","87","87","87","87","87","87","87",NA,NA,NA,NA,NA,NA,NA,NA,NA,NA,NA,NA,NA,NA,NA,NA,NA,NA,NA,NA,NA,NA,NA,NA,NA,NA,NA,NA,"NBS","walleye pollock","21740",NA,NA,NA,"total_catch_wt_kg ~ 0 + factor(year)","delta_gamma","TRUE","iid, iid","walleye_pollock","06_1","sigma_E","0.285137683997022","NaN","NaN","NaN"
"88","88","88","88","88","88","88","88","88","88","88","88","88","88","88","88","88","88","88",NA,NA,NA,NA,NA,NA,NA,NA,NA,NA,NA,NA,NA,NA,NA,NA,NA,NA,NA,NA,NA,NA,NA,NA,NA,NA,NA,NA,NA,"NBS","walleye pollock","21740",NA,NA,NA,"total_catch_wt_kg ~ 0 + factor(year)","delta_gamma","TRUE","iid, iid","walleye_pollock","06_2","range","2.7245107365391","22.8875346687487","1.92611310303814e-07","38538540.3474402"
"89","89","89","89","89","89","89","89","89","89","89","89","89","89","89","89","89","89","89",NA,NA,NA,NA,NA,NA,NA,NA,NA,NA,NA,NA,NA,NA,NA,NA,NA,NA,NA,NA,NA,NA,NA,NA,NA,NA,NA,NA,NA,"NBS","walleye pollock","21740",NA,NA,NA,"total_catch_wt_kg ~ 0 + factor(year)","delta_gamma","TRUE","iid, iid","walleye_pollock","06_2","sigma_O","0.272023634003974","NaN","NaN","NaN"
"90","90","90","90","90","90","90","90","90","90","90","90","90","90","90","90","90","90","90",NA,NA,NA,NA,NA,NA,NA,NA,NA,NA,NA,NA,NA,NA,NA,NA,NA,NA,NA,NA,NA,NA,NA,NA,NA,NA,NA,NA,NA,"NBS","walleye pollock","21740",NA,NA,NA,"total_catch_wt_kg ~ 0 + factor(year)","delta_gamma","TRUE","iid, iid","walleye_pollock","06_2","sigma_E","0.286251096085535","2.36597348897245","2.63781733573421e-08","3106344.35903285"
"91","91","91","91","91","91","91","91","91","91","91","91","91","91","91","91","91","91",NA,NA,NA,NA,NA,NA,NA,NA,NA,NA,NA,NA,NA,NA,NA,NA,NA,NA,NA,NA,NA,NA,NA,NA,NA,NA,NA,NA,NA,NA,"NBS","walleye pollock","21740",NA,NA,NA,"total_catch_wt_kg ~ 0 + factor(year)","delta_gamma","TRUE","iid, iid","walleye_pollock","06_3","range","2.45440296541292","1483.51217413752","0","Inf"
"92","92","92","92","92","92","92","92","92","92","92","92","92","92","92","92","92","92",NA,NA,NA,NA,NA,NA,NA,NA,NA,NA,NA,NA,NA,NA,NA,NA,NA,NA,NA,NA,NA,NA,NA,NA,NA,NA,NA,NA,NA,NA,"NBS","walleye pollock","21740",NA,NA,NA,"total_catch_wt_kg ~ 0 + factor(year)","delta_gamma","TRUE","iid, iid","walleye_pollock","06_3","sigma_O","0.266287059805194","165.932264981344","0","Inf"
"93","93","93","93","93","93","93","93","93","93","93","93","93","93","93","93","93","93",NA,NA,NA,NA,NA,NA,NA,NA,NA,NA,NA,NA,NA,NA,NA,NA,NA,NA,NA,NA,NA,NA,NA,NA,NA,NA,NA,NA,NA,NA,"NBS","walleye pollock","21740",NA,NA,NA,"total_catch_wt_kg ~ 0 + factor(year)","delta_gamma","TRUE","iid, iid","walleye_pollock","06_3","sigma_E","0.245542144617063","151.726368934109","0","Inf"
"94","94","94","94","94","94","94","94","94","94","94","94","94","94","94","94","94",NA,NA,NA,NA,NA,NA,NA,NA,NA,NA,NA,NA,NA,NA,NA,NA,NA,NA,NA,NA,NA,NA,NA,NA,NA,NA,NA,NA,NA,NA,NA,"NBS","walleye pollock","21740",NA,NA,NA,"total_catch_wt_kg ~ 0 + factor(year)","delta_gamma","TRUE","iid, iid","walleye_pollock","08_1","range","2.65736542232275","NaN","NaN","NaN"
"95","95","95","95","95","95","95","95","95","95","95","95","95","95","95","95","95",NA,NA,NA,NA,NA,NA,NA,NA,NA,NA,NA,NA,NA,NA,NA,NA,NA,NA,NA,NA,NA,NA,NA,NA,NA,NA,NA,NA,NA,NA,NA,"NBS","walleye pollock","21740",NA,NA,NA,"total_catch_wt_kg ~ 0 + factor(year)","delta_gamma","TRUE","iid, iid","walleye_pollock","08_1","sigma_O","0.279213345502282","NaN","NaN","NaN"
"96","96","96","96","96","96","96","96","96","96","96","96","96","96","96","96","96",NA,NA,NA,NA,NA,NA,NA,NA,NA,NA,NA,NA,NA,NA,NA,NA,NA,NA,NA,NA,NA,NA,NA,NA,NA,NA,NA,NA,NA,NA,NA,"NBS","walleye pollock","21740",NA,NA,NA,"total_catch_wt_kg ~ 0 + factor(year)","delta_gamma","TRUE","iid, iid","walleye_pollock","08_1","sigma_E","0.265235298535947","NaN","NaN","NaN"
"97","97","97","97","97","97","97","97","97","97","97","97","97","97","97","97",NA,NA,NA,NA,NA,NA,NA,NA,NA,NA,NA,NA,NA,NA,NA,NA,NA,NA,NA,NA,NA,NA,NA,NA,NA,NA,NA,NA,NA,NA,NA,NA,"NBS","walleye pollock","21740",NA,NA,NA,"total_catch_wt_kg ~ 0 + factor(year)","delta_gamma","TRUE","iid, iid","walleye_pollock","08_2","range","2.8237832569288","304.360381862682","5.06294894658767e-92","1.57492243477698e+92"
"98","98","98","98","98","98","98","98","98","98","98","98","98","98","98","98",NA,NA,NA,NA,NA,NA,NA,NA,NA,NA,NA,NA,NA,NA,NA,NA,NA,NA,NA,NA,NA,NA,NA,NA,NA,NA,NA,NA,NA,NA,NA,NA,"NBS","walleye pollock","21740",NA,NA,NA,"total_catch_wt_kg ~ 0 + factor(year)","delta_gamma","TRUE","iid, iid","walleye_pollock","08_2","sigma_O","0.285117029782454","30.6275619085493","1.04252362846924e-92","7.79759023700324e+90"
"99","99","99","99","99","99","99","99","99","99","99","99","99","99","99","99",NA,NA,NA,NA,NA,NA,NA,NA,NA,NA,NA,NA,NA,NA,NA,NA,NA,NA,NA,NA,NA,NA,NA,NA,NA,NA,NA,NA,NA,NA,NA,NA,"NBS","walleye pollock","21740",NA,NA,NA,"total_catch_wt_kg ~ 0 + factor(year)","delta_gamma","TRUE","iid, iid","walleye_pollock","08_2","sigma_E","0.280634139987337","30.1430687236941","1.04739462916768e-92","7.51918315535131e+90"
"100","100","100","100","100","100","100","100","100","100","100","100","100","100","100",NA,NA,NA,NA,NA,NA,NA,NA,NA,NA,NA,NA,NA,NA,NA,NA,NA,NA,NA,NA,NA,NA,NA,NA,NA,NA,NA,NA,NA,NA,NA,NA,NA,"NBS","walleye pollock","21740",NA,NA,NA,"total_catch_wt_kg ~ 0 + factor(year)","delta_gamma","TRUE","iid, iid","walleye_pollock","08_3","range","1.89123299141879","1070.22344749127","0","Inf"
"101","101","101","101","101","101","101","101","101","101","101","101","101","101","101",NA,NA,NA,NA,NA,NA,NA,NA,NA,NA,NA,NA,NA,NA,NA,NA,NA,NA,NA,NA,NA,NA,NA,NA,NA,NA,NA,NA,NA,NA,NA,NA,NA,"NBS","walleye pollock","21740",NA,NA,NA,"total_catch_wt_kg ~ 0 + factor(year)","delta_gamma","TRUE","iid, iid","walleye_pollock","08_3","sigma_O","0.192244551763682","95.8763731416689","0","Inf"
"102","102","102","102","102","102","102","102","102","102","102","102","102","102","102",NA,NA,NA,NA,NA,NA,NA,NA,NA,NA,NA,NA,NA,NA,NA,NA,NA,NA,NA,NA,NA,NA,NA,NA,NA,NA,NA,NA,NA,NA,NA,NA,NA,"NBS","walleye pollock","21740",NA,NA,NA,"total_catch_wt_kg ~ 0 + factor(year)","delta_gamma","TRUE","iid, iid","walleye_pollock","08_3","sigma_E","0.186929228476443","107.100227395526","0","Inf"
"103","103","103","103","103","103","103","103","103","103","103","103","103","103",NA,NA,NA,NA,NA,NA,NA,NA,NA,NA,NA,NA,NA,NA,NA,NA,NA,NA,NA,NA,NA,NA,NA,NA,NA,NA,NA,NA,NA,NA,NA,NA,NA,NA,"NBS","walleye pollock","21740",NA,NA,NA,"total_catch_wt_kg ~ 0 + factor(year)","delta_gamma","TRUE","iid, iid","walleye_pollock","1_1","range","2.52429640588412","2792.50659743609","0","Inf"
"104","104","104","104","104","104","104","104","104","104","104","104","104","104",NA,NA,NA,NA,NA,NA,NA,NA,NA,NA,NA,NA,NA,NA,NA,NA,NA,NA,NA,NA,NA,NA,NA,NA,NA,NA,NA,NA,NA,NA,NA,NA,NA,NA,"NBS","walleye pollock","21740",NA,NA,NA,"total_catch_wt_kg ~ 0 + factor(year)","delta_gamma","TRUE","iid, iid","walleye_pollock","1_1","sigma_O","0.258926481367646","297.585950619235","0","Inf"
"105","105","105","105","105","105","105","105","105","105","105","105","105","105",NA,NA,NA,NA,NA,NA,NA,NA,NA,NA,NA,NA,NA,NA,NA,NA,NA,NA,NA,NA,NA,NA,NA,NA,NA,NA,NA,NA,NA,NA,NA,NA,NA,NA,"NBS","walleye pollock","21740",NA,NA,NA,"total_catch_wt_kg ~ 0 + factor(year)","delta_gamma","TRUE","iid, iid","walleye_pollock","1_1","sigma_E","0.24760975949757","274.008494959945","0","Inf"
"106","106","106","106","106","106","106","106","106","106","106","106","106",NA,NA,NA,NA,NA,NA,NA,NA,NA,NA,NA,NA,NA,NA,NA,NA,NA,NA,NA,NA,NA,NA,NA,NA,NA,NA,NA,NA,NA,NA,NA,NA,NA,NA,NA,"NBS","walleye pollock","21740",NA,NA,NA,"total_catch_wt_kg ~ 0 + factor(year)","delta_gamma","TRUE","iid, iid","walleye_pollock","02_1","range","2.86358111802801","NaN","NaN","NaN"
"107","107","107","107","107","107","107","107","107","107","107","107","107",NA,NA,NA,NA,NA,NA,NA,NA,NA,NA,NA,NA,NA,NA,NA,NA,NA,NA,NA,NA,NA,NA,NA,NA,NA,NA,NA,NA,NA,NA,NA,NA,NA,NA,NA,"NBS","walleye pollock","21740",NA,NA,NA,"total_catch_wt_kg ~ 0 + factor(year)","delta_gamma","TRUE","iid, iid","walleye_pollock","02_1","sigma_O","0.281972153233134","NaN","NaN","NaN"
"108","108","108","108","108","108","108","108","108","108","108","108","108",NA,NA,NA,NA,NA,NA,NA,NA,NA,NA,NA,NA,NA,NA,NA,NA,NA,NA,NA,NA,NA,NA,NA,NA,NA,NA,NA,NA,NA,NA,NA,NA,NA,NA,NA,"NBS","walleye pollock","21740",NA,NA,NA,"total_catch_wt_kg ~ 0 + factor(year)","delta_gamma","TRUE","iid, iid","walleye_pollock","02_1","sigma_E","0.289095515044818","NaN","NaN","NaN"
"109","109","109","109","109","109","109","109","109","109","109","109",NA,NA,NA,NA,NA,NA,NA,NA,NA,NA,NA,NA,NA,NA,NA,NA,NA,NA,NA,NA,NA,NA,NA,NA,NA,NA,NA,NA,NA,NA,NA,NA,NA,NA,NA,NA,"NBS","walleye pollock","21740",NA,NA,NA,"total_catch_wt_kg ~ 0 + factor(year)","delta_gamma","TRUE","iid, iid","walleye_pollock","02_2","range","1.56020140612345","NaN","NaN","NaN"
"110","110","110","110","110","110","110","110","110","110","110","110",NA,NA,NA,NA,NA,NA,NA,NA,NA,NA,NA,NA,NA,NA,NA,NA,NA,NA,NA,NA,NA,NA,NA,NA,NA,NA,NA,NA,NA,NA,NA,NA,NA,NA,NA,NA,"NBS","walleye pollock","21740",NA,NA,NA,"total_catch_wt_kg ~ 0 + factor(year)","delta_gamma","TRUE","iid, iid","walleye_pollock","02_2","sigma_O","0.325607880722221","1.76710730392922","7.81874389344365e-06","13559.7857447817"
"111","111","111","111","111","111","111","111","111","111","111","111",NA,NA,NA,NA,NA,NA,NA,NA,NA,NA,NA,NA,NA,NA,NA,NA,NA,NA,NA,NA,NA,NA,NA,NA,NA,NA,NA,NA,NA,NA,NA,NA,NA,NA,NA,NA,"NBS","walleye pollock","21740",NA,NA,NA,"total_catch_wt_kg ~ 0 + factor(year)","delta_gamma","TRUE","iid, iid","walleye_pollock","02_2","sigma_E","0.154136799462079","0.575376835484404","0.00010243737323763","231.928564717291"
"112","112","112","112","112","112","112","112","112","112","112",NA,NA,NA,NA,NA,NA,NA,NA,NA,NA,NA,NA,NA,NA,NA,NA,NA,NA,NA,NA,NA,NA,NA,NA,NA,NA,NA,NA,NA,NA,NA,NA,NA,NA,NA,NA,NA,"NBS","walleye pollock","21740",NA,NA,NA,"total_catch_wt_kg ~ 0 + factor(year)","delta_gamma","TRUE","iid, iid","walleye_pollock","02_3","range","2.76581424860648","30.082529146553","1.52645187267213e-09","5011444248.4213"
"113","113","113","113","113","113","113","113","113","113","113",NA,NA,NA,NA,NA,NA,NA,NA,NA,NA,NA,NA,NA,NA,NA,NA,NA,NA,NA,NA,NA,NA,NA,NA,NA,NA,NA,NA,NA,NA,NA,NA,NA,NA,NA,NA,NA,"NBS","walleye pollock","21740",NA,NA,NA,"total_catch_wt_kg ~ 0 + factor(year)","delta_gamma","TRUE","iid, iid","walleye_pollock","02_3","sigma_O","0.272036034106039","2.06204658772292","9.60454188181383e-08","770506.337134806"
"114","114","114","114","114","114","114","114","114","114","114",NA,NA,NA,NA,NA,NA,NA,NA,NA,NA,NA,NA,NA,NA,NA,NA,NA,NA,NA,NA,NA,NA,NA,NA,NA,NA,NA,NA,NA,NA,NA,NA,NA,NA,NA,NA,NA,"NBS","walleye pollock","21740",NA,NA,NA,"total_catch_wt_kg ~ 0 + factor(year)","delta_gamma","TRUE","iid, iid","walleye_pollock","02_3","sigma_E","0.27685200360109","3.08170945190148","9.27488831647382e-11","826393044.127546"
"115","115","115","115","115","115","115","115","115","115",NA,NA,NA,NA,NA,NA,NA,NA,NA,NA,NA,NA,NA,NA,NA,NA,NA,NA,NA,NA,NA,NA,NA,NA,NA,NA,NA,NA,NA,NA,NA,NA,NA,NA,NA,NA,NA,NA,"NBS","walleye pollock","21740",NA,NA,NA,"total_catch_wt_kg ~ 0 + factor(year)","delta_gamma","TRUE","iid, iid","walleye_pollock","04_1","range","2.82407282052915","NaN","NaN","NaN"
"116","116","116","116","116","116","116","116","116","116",NA,NA,NA,NA,NA,NA,NA,NA,NA,NA,NA,NA,NA,NA,NA,NA,NA,NA,NA,NA,NA,NA,NA,NA,NA,NA,NA,NA,NA,NA,NA,NA,NA,NA,NA,NA,NA,NA,"NBS","walleye pollock","21740",NA,NA,NA,"total_catch_wt_kg ~ 0 + factor(year)","delta_gamma","TRUE","iid, iid","walleye_pollock","04_1","sigma_O","0.281405786133437","NaN","NaN","NaN"
"117","117","117","117","117","117","117","117","117","117",NA,NA,NA,NA,NA,NA,NA,NA,NA,NA,NA,NA,NA,NA,NA,NA,NA,NA,NA,NA,NA,NA,NA,NA,NA,NA,NA,NA,NA,NA,NA,NA,NA,NA,NA,NA,NA,NA,"NBS","walleye pollock","21740",NA,NA,NA,"total_catch_wt_kg ~ 0 + factor(year)","delta_gamma","TRUE","iid, iid","walleye_pollock","04_1","sigma_E","0.282355181881792","NaN","NaN","NaN"
"118","118","118","118","118","118","118","118","118",NA,NA,NA,NA,NA,NA,NA,NA,NA,NA,NA,NA,NA,NA,NA,NA,NA,NA,NA,NA,NA,NA,NA,NA,NA,NA,NA,NA,NA,NA,NA,NA,NA,NA,NA,NA,NA,NA,NA,"NBS","walleye pollock","21740",NA,NA,NA,"total_catch_wt_kg ~ 0 + factor(year)","delta_gamma","TRUE","iid, iid","walleye_pollock","04_2","range","1.4469810849511","570.560697271452","0","Inf"
"119","119","119","119","119","119","119","119","119",NA,NA,NA,NA,NA,NA,NA,NA,NA,NA,NA,NA,NA,NA,NA,NA,NA,NA,NA,NA,NA,NA,NA,NA,NA,NA,NA,NA,NA,NA,NA,NA,NA,NA,NA,NA,NA,NA,NA,"NBS","walleye pollock","21740",NA,NA,NA,"total_catch_wt_kg ~ 0 + factor(year)","delta_gamma","TRUE","iid, iid","walleye_pollock","04_2","sigma_O","0.142138411947755","57.7153627629307","0","Inf"
"120","120","120","120","120","120","120","120","120",NA,NA,NA,NA,NA,NA,NA,NA,NA,NA,NA,NA,NA,NA,NA,NA,NA,NA,NA,NA,NA,NA,NA,NA,NA,NA,NA,NA,NA,NA,NA,NA,NA,NA,NA,NA,NA,NA,NA,"NBS","walleye pollock","21740",NA,NA,NA,"total_catch_wt_kg ~ 0 + factor(year)","delta_gamma","TRUE","iid, iid","walleye_pollock","04_2","sigma_E","0.14486675918378","58.6715375658743","0","Inf"
"121","121","121","121","121","121","121","121",NA,NA,NA,NA,NA,NA,NA,NA,NA,NA,NA,NA,NA,NA,NA,NA,NA,NA,NA,NA,NA,NA,NA,NA,NA,NA,NA,NA,NA,NA,NA,NA,NA,NA,NA,NA,NA,NA,NA,NA,"NBS","walleye pollock","21740",NA,NA,NA,"total_catch_wt_kg ~ 0 + factor(year)","delta_gamma","TRUE","iid, iid","walleye_pollock","04_3","range","2.82871290559848","3.96075816997666","0.181860411043518","43.9986726983953"
"122","122","122","122","122","122","122","122",NA,NA,NA,NA,NA,NA,NA,NA,NA,NA,NA,NA,NA,NA,NA,NA,NA,NA,NA,NA,NA,NA,NA,NA,NA,NA,NA,NA,NA,NA,NA,NA,NA,NA,NA,NA,NA,NA,NA,NA,"NBS","walleye pollock","21740",NA,NA,NA,"total_catch_wt_kg ~ 0 + factor(year)","delta_gamma","TRUE","iid, iid","walleye_pollock","04_3","sigma_O","0.281539438019811","0.403556431839181","0.0169603025249204","4.67352837863857"
"123","123","123","123","123","123","123","123",NA,NA,NA,NA,NA,NA,NA,NA,NA,NA,NA,NA,NA,NA,NA,NA,NA,NA,NA,NA,NA,NA,NA,NA,NA,NA,NA,NA,NA,NA,NA,NA,NA,NA,NA,NA,NA,NA,NA,NA,"NBS","walleye pollock","21740",NA,NA,NA,"total_catch_wt_kg ~ 0 + factor(year)","delta_gamma","TRUE","iid, iid","walleye_pollock","04_3","sigma_E","0.280001903154067","0.401634247415355","0.0168344509402188","4.6571798538789"
"124","124","124","124","124","124","124",NA,NA,NA,NA,NA,NA,NA,NA,NA,NA,NA,NA,NA,NA,NA,NA,NA,NA,NA,NA,NA,NA,NA,NA,NA,NA,NA,NA,NA,NA,NA,NA,NA,NA,NA,NA,NA,NA,NA,NA,NA,"NBS","walleye pollock","21740",NA,NA,NA,"total_catch_wt_kg ~ 0 + factor(year)","delta_gamma","TRUE","iid, iid","walleye_pollock","06_1","range","2.78578121814422","50.0925802684086","1.37736664410143e-15","5634358163528733"
"125","125","125","125","125","125","125",NA,NA,NA,NA,NA,NA,NA,NA,NA,NA,NA,NA,NA,NA,NA,NA,NA,NA,NA,NA,NA,NA,NA,NA,NA,NA,NA,NA,NA,NA,NA,NA,NA,NA,NA,NA,NA,NA,NA,NA,NA,"NBS","walleye pollock","21740",NA,NA,NA,"total_catch_wt_kg ~ 0 + factor(year)","delta_gamma","TRUE","iid, iid","walleye_pollock","06_1","sigma_O","0.277337801874888","4.92950696392251","2.057931732818e-16","373755140280919"
"126","126","126","126","126","126","126",NA,NA,NA,NA,NA,NA,NA,NA,NA,NA,NA,NA,NA,NA,NA,NA,NA,NA,NA,NA,NA,NA,NA,NA,NA,NA,NA,NA,NA,NA,NA,NA,NA,NA,NA,NA,NA,NA,NA,NA,NA,"NBS","walleye pollock","21740",NA,NA,NA,"total_catch_wt_kg ~ 0 + factor(year)","delta_gamma","TRUE","iid, iid","walleye_pollock","06_1","sigma_E","0.277194038952947","4.99346265694023","1.28518383129799e-16","597864160440346"
"127","127","127","127","127","127",NA,NA,NA,NA,NA,NA,NA,NA,NA,NA,NA,NA,NA,NA,NA,NA,NA,NA,NA,NA,NA,NA,NA,NA,NA,NA,NA,NA,NA,NA,NA,NA,NA,NA,NA,NA,NA,NA,NA,NA,NA,NA,"NBS","walleye pollock","21740",NA,NA,NA,"total_catch_wt_kg ~ 0 + factor(year)","delta_gamma","TRUE","iid, iid","walleye_pollock","06_2","range","2.61921160702151","3018.91127092111","0","Inf"
"128","128","128","128","128","128",NA,NA,NA,NA,NA,NA,NA,NA,NA,NA,NA,NA,NA,NA,NA,NA,NA,NA,NA,NA,NA,NA,NA,NA,NA,NA,NA,NA,NA,NA,NA,NA,NA,NA,NA,NA,NA,NA,NA,NA,NA,NA,"NBS","walleye pollock","21740",NA,NA,NA,"total_catch_wt_kg ~ 0 + factor(year)","delta_gamma","TRUE","iid, iid","walleye_pollock","06_2","sigma_O","0.2770592925893","335.630214288338","0","Inf"
"129","129","129","129","129","129",NA,NA,NA,NA,NA,NA,NA,NA,NA,NA,NA,NA,NA,NA,NA,NA,NA,NA,NA,NA,NA,NA,NA,NA,NA,NA,NA,NA,NA,NA,NA,NA,NA,NA,NA,NA,NA,NA,NA,NA,NA,NA,"NBS","walleye pollock","21740",NA,NA,NA,"total_catch_wt_kg ~ 0 + factor(year)","delta_gamma","TRUE","iid, iid","walleye_pollock","06_2","sigma_E","0.251720188718994","285.299638484234","0","Inf"
"130","130","130","130","130",NA,NA,NA,NA,NA,NA,NA,NA,NA,NA,NA,NA,NA,NA,NA,NA,NA,NA,NA,NA,NA,NA,NA,NA,NA,NA,NA,NA,NA,NA,NA,NA,NA,NA,NA,NA,NA,NA,NA,NA,NA,NA,NA,"NBS","walleye pollock","21740",NA,NA,NA,"total_catch_wt_kg ~ 0 + factor(year)","delta_gamma","TRUE","iid, iid","walleye_pollock","06_3","range","2.7676747272185","NaN","NaN","NaN"
"131","131","131","131","131",NA,NA,NA,NA,NA,NA,NA,NA,NA,NA,NA,NA,NA,NA,NA,NA,NA,NA,NA,NA,NA,NA,NA,NA,NA,NA,NA,NA,NA,NA,NA,NA,NA,NA,NA,NA,NA,NA,NA,NA,NA,NA,NA,"NBS","walleye pollock","21740",NA,NA,NA,"total_catch_wt_kg ~ 0 + factor(year)","delta_gamma","TRUE","iid, iid","walleye_pollock","06_3","sigma_O","0.271698924680475","NaN","NaN","NaN"
"132","132","132","132","132",NA,NA,NA,NA,NA,NA,NA,NA,NA,NA,NA,NA,NA,NA,NA,NA,NA,NA,NA,NA,NA,NA,NA,NA,NA,NA,NA,NA,NA,NA,NA,NA,NA,NA,NA,NA,NA,NA,NA,NA,NA,NA,NA,"NBS","walleye pollock","21740",NA,NA,NA,"total_catch_wt_kg ~ 0 + factor(year)","delta_gamma","TRUE","iid, iid","walleye_pollock","06_3","sigma_E","0.273009860284711","NaN","NaN","NaN"
"133","133","133","133",NA,NA,NA,NA,NA,NA,NA,NA,NA,NA,NA,NA,NA,NA,NA,NA,NA,NA,NA,NA,NA,NA,NA,NA,NA,NA,NA,NA,NA,NA,NA,NA,NA,NA,NA,NA,NA,NA,NA,NA,NA,NA,NA,NA,"NBS","walleye pollock","21740",NA,NA,NA,"total_catch_wt_kg ~ 0 + factor(year)","delta_gamma","TRUE","iid, iid","walleye_pollock","08_1","range","2.91226173772967","1362.44343584445","0","Inf"
"134","134","134","134",NA,NA,NA,NA,NA,NA,NA,NA,NA,NA,NA,NA,NA,NA,NA,NA,NA,NA,NA,NA,NA,NA,NA,NA,NA,NA,NA,NA,NA,NA,NA,NA,NA,NA,NA,NA,NA,NA,NA,NA,NA,NA,NA,NA,"NBS","walleye pollock","21740",NA,NA,NA,"total_catch_wt_kg ~ 0 + factor(year)","delta_gamma","TRUE","iid, iid","walleye_pollock","08_1","sigma_O","0.291806095479828","136.897600017201","0","Inf"
"135","135","135","135",NA,NA,NA,NA,NA,NA,NA,NA,NA,NA,NA,NA,NA,NA,NA,NA,NA,NA,NA,NA,NA,NA,NA,NA,NA,NA,NA,NA,NA,NA,NA,NA,NA,NA,NA,NA,NA,NA,NA,NA,NA,NA,NA,NA,"NBS","walleye pollock","21740",NA,NA,NA,"total_catch_wt_kg ~ 0 + factor(year)","delta_gamma","TRUE","iid, iid","walleye_pollock","08_1","sigma_E","0.290983419606978","136.27342284015","0","Inf"
"136","136","136",NA,NA,NA,NA,NA,NA,NA,NA,NA,NA,NA,NA,NA,NA,NA,NA,NA,NA,NA,NA,NA,NA,NA,NA,NA,NA,NA,NA,NA,NA,NA,NA,NA,NA,NA,NA,NA,NA,NA,NA,NA,NA,NA,NA,NA,"NBS","walleye pollock","21740",NA,NA,NA,"total_catch_wt_kg ~ 0 + factor(year)","delta_gamma","TRUE","iid, iid","walleye_pollock","08_2","range","3.04144051672268","4516.63279850308","0","Inf"
"137","137","137",NA,NA,NA,NA,NA,NA,NA,NA,NA,NA,NA,NA,NA,NA,NA,NA,NA,NA,NA,NA,NA,NA,NA,NA,NA,NA,NA,NA,NA,NA,NA,NA,NA,NA,NA,NA,NA,NA,NA,NA,NA,NA,NA,NA,NA,"NBS","walleye pollock","21740",NA,NA,NA,"total_catch_wt_kg ~ 0 + factor(year)","delta_gamma","TRUE","iid, iid","walleye_pollock","08_2","sigma_O","0.287485061908157","414.220333764239","0","Inf"
"138","138","138",NA,NA,NA,NA,NA,NA,NA,NA,NA,NA,NA,NA,NA,NA,NA,NA,NA,NA,NA,NA,NA,NA,NA,NA,NA,NA,NA,NA,NA,NA,NA,NA,NA,NA,NA,NA,NA,NA,NA,NA,NA,NA,NA,NA,NA,"NBS","walleye pollock","21740",NA,NA,NA,"total_catch_wt_kg ~ 0 + factor(year)","delta_gamma","TRUE","iid, iid","walleye_pollock","08_2","sigma_E","0.288481535310832","424.32962990378","0","Inf"
"139","139",NA,NA,NA,NA,NA,NA,NA,NA,NA,NA,NA,NA,NA,NA,NA,NA,NA,NA,NA,NA,NA,NA,NA,NA,NA,NA,NA,NA,NA,NA,NA,NA,NA,NA,NA,NA,NA,NA,NA,NA,NA,NA,NA,NA,NA,NA,"NBS","walleye pollock","21740",NA,NA,NA,"total_catch_wt_kg ~ 0 + factor(year)","delta_gamma","TRUE","iid, iid","walleye_pollock","08_3","range","5.19260882666225","1557.2854994139","2.7316057944532e-255","9.8708190184255e+255"
"140","140",NA,NA,NA,NA,NA,NA,NA,NA,NA,NA,NA,NA,NA,NA,NA,NA,NA,NA,NA,NA,NA,NA,NA,NA,NA,NA,NA,NA,NA,NA,NA,NA,NA,NA,NA,NA,NA,NA,NA,NA,NA,NA,NA,NA,NA,NA,"NBS","walleye pollock","21740",NA,NA,NA,"total_catch_wt_kg ~ 0 + factor(year)","delta_gamma","TRUE","iid, iid","walleye_pollock","08_3","sigma_O","0.451230341052426","136.194406750372","5.45858271835262e-258","3.73006751371087e+256"
"141","141",NA,NA,NA,NA,NA,NA,NA,NA,NA,NA,NA,NA,NA,NA,NA,NA,NA,NA,NA,NA,NA,NA,NA,NA,NA,NA,NA,NA,NA,NA,NA,NA,NA,NA,NA,NA,NA,NA,NA,NA,NA,NA,NA,NA,NA,NA,"NBS","walleye pollock","21740",NA,NA,NA,"total_catch_wt_kg ~ 0 + factor(year)","delta_gamma","TRUE","iid, iid","walleye_pollock","08_3","sigma_E","0.539946733070654","162.810232432145","1.17327925200744e-257","2.48485153091087e+256"
"142",NA,NA,NA,NA,NA,NA,NA,NA,NA,NA,NA,NA,NA,NA,NA,NA,NA,NA,NA,NA,NA,NA,NA,NA,NA,NA,NA,NA,NA,NA,NA,NA,NA,NA,NA,NA,NA,NA,NA,NA,NA,NA,NA,NA,NA,NA,NA,"NBS","walleye pollock","21740",NA,NA,NA,"total_catch_wt_kg ~ 0 + factor(year)","delta_gamma","TRUE","iid, iid","walleye_pollock","1_1","range","1.94477641582499","NaN","NaN","NaN"
"143",NA,NA,NA,NA,NA,NA,NA,NA,NA,NA,NA,NA,NA,NA,NA,NA,NA,NA,NA,NA,NA,NA,NA,NA,NA,NA,NA,NA,NA,NA,NA,NA,NA,NA,NA,NA,NA,NA,NA,NA,NA,NA,NA,NA,NA,NA,NA,"NBS","walleye pollock","21740",NA,NA,NA,"total_catch_wt_kg ~ 0 + factor(year)","delta_gamma","TRUE","iid, iid","walleye_pollock","1_1","sigma_O","0.120881331436559","93.7926512208707","0","Inf"
"144",NA,NA,NA,NA,NA,NA,NA,NA,NA,NA,NA,NA,NA,NA,NA,NA,NA,NA,NA,NA,NA,NA,NA,NA,NA,NA,NA,NA,NA,NA,NA,NA,NA,NA,NA,NA,NA,NA,NA,NA,NA,NA,NA,NA,NA,NA,NA,"NBS","walleye pollock","21740",NA,NA,NA,"total_catch_wt_kg ~ 0 + factor(year)","delta_gamma","TRUE","iid, iid","walleye_pollock","1_1","sigma_E","0.192564757811094","NaN","NaN","NaN"
