"","X.20","X.19","X.18","X.17","X.16","X.15","X.14","X.13","X.12","X.11","X.10","X.9","X.8","X.7","X.6","X.5","X.4","X.3","X.2","X.1","X","srvy","common_name","species_code","filter_lat_lt","filter_lat_gt","filter_depth","model_fn","model_family","model_anisotropy","model_spatiotemporal","file_name","effort","year","est","lwr","upr","log_est","se","type"
"1","1","1","1","1","1","1","1","1","1","1","1","1","1","1","1","1","1","1","1","1","1","NBS","walleye pollock","21740",NA,NA,NA,"total_catch_wt_kg ~ 0 + factor(year)","delta_gamma","TRUE","iid, iid","walleye_pollock","08_3","2010","1481367.38157332","993383.965428905","2209064.56673267","14.2084761256699","0.203883126628423","index"
"2","2","2","2","2","2","2","2","2","2","2","2","2","2","2","2","2","2","2","2","2","2","NBS","walleye pollock","21740",NA,NA,NA,"total_catch_wt_kg ~ 0 + factor(year)","delta_gamma","TRUE","iid, iid","walleye_pollock","08_3","2017","50351264.6944478","35714971.0392165","70985633.8269611","17.7345342948759","0.175234739974749","index"
"3","3","3","3","3","3","3","3","3","3","3","3","3","3","3","3","3","3","3","3","3","3","NBS","walleye pollock","21740",NA,NA,NA,"total_catch_wt_kg ~ 0 + factor(year)","delta_gamma","TRUE","iid, iid","walleye_pollock","08_3","2019","64542649.1231552","43633402.9522007","95471663.3125821","17.9828367899675","0.199750227709143","index"
"4","4","4","4","4","4","4","4","4","4","4","4","4","4","4","4","4","4","4","4","4","4","NBS","walleye pollock","21740",NA,NA,NA,"total_catch_wt_kg ~ 0 + factor(year)","delta_gamma","TRUE","iid, iid","walleye_pollock","08_3","2021","22198817.4812117","14614370.6014863","33719378.7540894","16.9155495788117","0.213286413296916","index"
"5","5","5","5","5","5","5","5","5","5","5","5","5","5","5","5","5","5","5","5","5","5","NBS","walleye pollock","21740",NA,NA,NA,"total_catch_wt_kg ~ 0 + factor(year)","delta_gamma","TRUE","iid, iid","walleye_pollock","08_3","2022","20683167.3772914","12902452.4355042","33155976.7335297","16.8448307572542","0.240771156222306","index"
"6","6","6","6","6","6","6","6","6","6","6","6","6","6","6","6","6","6","6","6","6","6","NBS","walleye pollock","21740",NA,NA,NA,"total_catch_wt_kg ~ 0 + factor(year)","delta_gamma","TRUE","iid, iid","walleye_pollock","08_3","2023","12946095.5103184","6737485.85742474","24875954.103501","16.3763047956533","0.33322418457242","index"
"7","7","7","7","7","7","7","7","7","7","7","7","7","7","7","7","7","7","7","7","7",NA,"NBS","walleye pollock","21740",NA,NA,NA,"total_catch_wt_kg ~ 0 + factor(year)","delta_gamma","TRUE","iid, iid","walleye_pollock","1_1","2010","1313442.52280917","903455.33329293","1909481.51740445","14.0881621283449","0.190911762115004","index"
"8","8","8","8","8","8","8","8","8","8","8","8","8","8","8","8","8","8","8","8","8",NA,"NBS","walleye pollock","21740",NA,NA,NA,"total_catch_wt_kg ~ 0 + factor(year)","delta_gamma","TRUE","iid, iid","walleye_pollock","1_1","2017","51193915.269411","37365112.2546132","70140749.0161645","17.7511312405531","0.16065766688731","index"
"9","9","9","9","9","9","9","9","9","9","9","9","9","9","9","9","9","9","9","9","9",NA,"NBS","walleye pollock","21740",NA,NA,NA,"total_catch_wt_kg ~ 0 + factor(year)","delta_gamma","TRUE","iid, iid","walleye_pollock","1_1","2019","66891035.1808546","45912317.1148929","97455560.2665263","18.0185755128435","0.192009409382025","index"
"10","10","10","10","10","10","10","10","10","10","10","10","10","10","10","10","10","10","10","10","10",NA,"NBS","walleye pollock","21740",NA,NA,NA,"total_catch_wt_kg ~ 0 + factor(year)","delta_gamma","TRUE","iid, iid","walleye_pollock","1_1","2021","24759930.2886227","16696317.8858731","36717924.9992697","17.024737190293","0.201043706007129","index"
"11","11","11","11","11","11","11","11","11","11","11","11","11","11","11","11","11","11","11","11","11",NA,"NBS","walleye pollock","21740",NA,NA,NA,"total_catch_wt_kg ~ 0 + factor(year)","delta_gamma","TRUE","iid, iid","walleye_pollock","1_1","2022","21421556.3177903","13318218.0051501","34455290.8578919","16.8799082775709","0.242486520461678","index"
"12","12","12","12","12","12","12","12","12","12","12","12","12","12","12","12","12","12","12","12","12",NA,"NBS","walleye pollock","21740",NA,NA,NA,"total_catch_wt_kg ~ 0 + factor(year)","delta_gamma","TRUE","iid, iid","walleye_pollock","1_1","2023","12473635.5056979","6058588.68349601","25681159.5665583","16.3391278153188","0.368445737067063","index"
"13","13","13","13","13","13","13","13","13","13","13","13","13","13","13","13","13","13","13","13",NA,NA,"NBS","walleye pollock","21740",NA,NA,NA,"total_catch_wt_kg ~ 0 + factor(year)","delta_gamma","TRUE","iid, iid","walleye_pollock","02_1","2010","1157385.64612917","468092.859311481","2861700.42379236","13.9616742662212","0.461871902143012","index"
"14","14","14","14","14","14","14","14","14","14","14","14","14","14","14","14","14","14","14","14",NA,NA,"NBS","walleye pollock","21740",NA,NA,NA,"total_catch_wt_kg ~ 0 + factor(year)","delta_gamma","TRUE","iid, iid","walleye_pollock","02_1","2017","50036680.5356328","24145409.5869573","103691320.290437","17.7282669051443","0.371773190788897","index"
"15","15","15","15","15","15","15","15","15","15","15","15","15","15","15","15","15","15","15","15",NA,NA,"NBS","walleye pollock","21740",NA,NA,NA,"total_catch_wt_kg ~ 0 + factor(year)","delta_gamma","TRUE","iid, iid","walleye_pollock","02_1","2019","41976323.4909616","19920989.6557153","88450009.9779096","17.5526162908885","0.380278314483901","index"
"16","16","16","16","16","16","16","16","16","16","16","16","16","16","16","16","16","16","16","16",NA,NA,"NBS","walleye pollock","21740",NA,NA,NA,"total_catch_wt_kg ~ 0 + factor(year)","delta_gamma","TRUE","iid, iid","walleye_pollock","02_1","2021","15257438.6979682","7131629.06206734","32641831.7044067","16.5405777255633","0.388031354308562","index"
"17","17","17","17","17","17","17","17","17","17","17","17","17","17","17","17","17","17","17","17",NA,NA,"NBS","walleye pollock","21740",NA,NA,NA,"total_catch_wt_kg ~ 0 + factor(year)","delta_gamma","TRUE","iid, iid","walleye_pollock","02_1","2022","11092228.2170412","5236203.29557","23497469.4208337","16.2217552604287","0.382990725640104","index"
"18","18","18","18","18","18","18","18","18","18","18","18","18","18","18","18","18","18","18","18",NA,NA,"NBS","walleye pollock","21740",NA,NA,NA,"total_catch_wt_kg ~ 0 + factor(year)","delta_gamma","TRUE","iid, iid","walleye_pollock","02_1","2023","25114244.3498936","12327175.290017","51165433.6396877","17.0389457471124","0.363082687379355","index"
"19","19","19","19","19","19","19","19","19","19","19","19","19","19","19","19","19","19","19",NA,NA,NA,"NBS","walleye pollock","21740",NA,NA,NA,"total_catch_wt_kg ~ 0 + factor(year)","delta_gamma","TRUE","iid, iid","walleye_pollock","02_2","2010","994731.742766504","463342.427839138","2135550.68695504","13.8102283745309","0.389806514753009","index"
"20","20","20","20","20","20","20","20","20","20","20","20","20","20","20","20","20","20","20",NA,NA,NA,"NBS","walleye pollock","21740",NA,NA,NA,"total_catch_wt_kg ~ 0 + factor(year)","delta_gamma","TRUE","iid, iid","walleye_pollock","02_2","2017","69471704.0526483","37767653.3341228","127789715.216915","18.0564300916996","0.310958024824033","index"
"21","21","21","21","21","21","21","21","21","21","21","21","21","21","21","21","21","21","21",NA,NA,NA,"NBS","walleye pollock","21740",NA,NA,NA,"total_catch_wt_kg ~ 0 + factor(year)","delta_gamma","TRUE","iid, iid","walleye_pollock","02_2","2019","34750608.9871047","18891849.1340948","63922002.3621317","17.3637076546303","0.310958025338548","index"
"22","22","22","22","22","22","22","22","22","22","22","22","22","22","22","22","22","22","22",NA,NA,NA,"NBS","walleye pollock","21740",NA,NA,NA,"total_catch_wt_kg ~ 0 + factor(year)","delta_gamma","TRUE","iid, iid","walleye_pollock","02_2","2021","11374057.1654708","6266794.93184583","20643594.9812214","16.246845632814","0.304122948556895","index"
"23","23","23","23","23","23","23","23","23","23","23","23","23","23","23","23","23","23","23",NA,NA,NA,"NBS","walleye pollock","21740",NA,NA,NA,"total_catch_wt_kg ~ 0 + factor(year)","delta_gamma","TRUE","iid, iid","walleye_pollock","02_2","2022","11547242.4125024","6442565.80788537","20696537.8871094","16.261957214262","0.297719643196389","index"
"24","24","24","24","24","24","24","24","24","24","24","24","24","24","24","24","24","24","24",NA,NA,NA,"NBS","walleye pollock","21740",NA,NA,NA,"total_catch_wt_kg ~ 0 + factor(year)","delta_gamma","TRUE","iid, iid","walleye_pollock","02_2","2023","11505533.5512624","6165808.16580089","21469578.4785302","16.2583386559749","0.318275685452959","index"
"25","25","25","25","25","25","25","25","25","25","25","25","25","25","25","25","25","25",NA,NA,NA,NA,"NBS","walleye pollock","21740",NA,NA,NA,"total_catch_wt_kg ~ 0 + factor(year)","delta_gamma","TRUE","iid, iid","walleye_pollock","02_3","2010","728962.64591731","333989.780254365","1591026.34439313","13.4993777695097","0.398227774702174","index"
"26","26","26","26","26","26","26","26","26","26","26","26","26","26","26","26","26","26",NA,NA,NA,NA,"NBS","walleye pollock","21740",NA,NA,NA,"total_catch_wt_kg ~ 0 + factor(year)","delta_gamma","TRUE","iid, iid","walleye_pollock","02_3","2017","39602292.7253836","20270467.8034873","77370764.4200084","17.4943975716544","0.341701163981637","index"
"27","27","27","27","27","27","27","27","27","27","27","27","27","27","27","27","27","27",NA,NA,NA,NA,"NBS","walleye pollock","21740",NA,NA,NA,"total_catch_wt_kg ~ 0 + factor(year)","delta_gamma","TRUE","iid, iid","walleye_pollock","02_3","2019","78004331.8000218","39461202.5711212","154193876.088835","18.1722749190095","0.347683115909443","index"
"28","28","28","28","28","28","28","28","28","28","28","28","28","28","28","28","28","28",NA,NA,NA,NA,"NBS","walleye pollock","21740",NA,NA,NA,"total_catch_wt_kg ~ 0 + factor(year)","delta_gamma","TRUE","iid, iid","walleye_pollock","02_3","2021","31159766.312329","15268362.8347579","63591037.6997761","17.2546382793344","0.36395812780382","index"
"29","29","29","29","29","29","29","29","29","29","29","29","29","29","29","29","29","29",NA,NA,NA,NA,"NBS","walleye pollock","21740",NA,NA,NA,"total_catch_wt_kg ~ 0 + factor(year)","delta_gamma","TRUE","iid, iid","walleye_pollock","02_3","2022","18039897.610019","8485138.85972109","38353869.1776538","16.7080963968631","0.384838487328522","index"
"30","30","30","30","30","30","30","30","30","30","30","30","30","30","30","30","30","30",NA,NA,NA,NA,"NBS","walleye pollock","21740",NA,NA,NA,"total_catch_wt_kg ~ 0 + factor(year)","delta_gamma","TRUE","iid, iid","walleye_pollock","02_3","2023","14145472.5325888","4937049.29877541","40529146.2695857","16.4649051684934","0.537064340993999","index"
"31","31","31","31","31","31","31","31","31","31","31","31","31","31","31","31","31",NA,NA,NA,NA,NA,"NBS","walleye pollock","21740",NA,NA,NA,"total_catch_wt_kg ~ 0 + factor(year)","delta_gamma","TRUE","iid, iid","walleye_pollock","02_1","2010","1157385.64612917","468092.859311481","2861700.42379236","13.9616742662212","0.461871902143012","index"
"32","32","32","32","32","32","32","32","32","32","32","32","32","32","32","32","32",NA,NA,NA,NA,NA,"NBS","walleye pollock","21740",NA,NA,NA,"total_catch_wt_kg ~ 0 + factor(year)","delta_gamma","TRUE","iid, iid","walleye_pollock","02_1","2017","50036680.5356328","24145409.5869573","103691320.290437","17.7282669051443","0.371773190788897","index"
"33","33","33","33","33","33","33","33","33","33","33","33","33","33","33","33","33",NA,NA,NA,NA,NA,"NBS","walleye pollock","21740",NA,NA,NA,"total_catch_wt_kg ~ 0 + factor(year)","delta_gamma","TRUE","iid, iid","walleye_pollock","02_1","2019","41976323.4909616","19920989.6557153","88450009.9779096","17.5526162908885","0.380278314483901","index"
"34","34","34","34","34","34","34","34","34","34","34","34","34","34","34","34","34",NA,NA,NA,NA,NA,"NBS","walleye pollock","21740",NA,NA,NA,"total_catch_wt_kg ~ 0 + factor(year)","delta_gamma","TRUE","iid, iid","walleye_pollock","02_1","2021","15257438.6979682","7131629.06206734","32641831.7044067","16.5405777255633","0.388031354308562","index"
"35","35","35","35","35","35","35","35","35","35","35","35","35","35","35","35","35",NA,NA,NA,NA,NA,"NBS","walleye pollock","21740",NA,NA,NA,"total_catch_wt_kg ~ 0 + factor(year)","delta_gamma","TRUE","iid, iid","walleye_pollock","02_1","2022","11092228.2170412","5236203.29557","23497469.4208337","16.2217552604287","0.382990725640104","index"
"36","36","36","36","36","36","36","36","36","36","36","36","36","36","36","36","36",NA,NA,NA,NA,NA,"NBS","walleye pollock","21740",NA,NA,NA,"total_catch_wt_kg ~ 0 + factor(year)","delta_gamma","TRUE","iid, iid","walleye_pollock","02_1","2023","25114244.3498936","12327175.290017","51165433.6396877","17.0389457471124","0.363082687379355","index"
"37","37","37","37","37","37","37","37","37","37","37","37","37","37","37","37",NA,NA,NA,NA,NA,NA,"NBS","walleye pollock","21740",NA,NA,NA,"total_catch_wt_kg ~ 0 + factor(year)","delta_gamma","TRUE","iid, iid","walleye_pollock","02_1","2010","1157385.64612917","468092.859311481","2861700.42379236","13.9616742662212","0.461871902143012","index"
"38","38","38","38","38","38","38","38","38","38","38","38","38","38","38","38",NA,NA,NA,NA,NA,NA,"NBS","walleye pollock","21740",NA,NA,NA,"total_catch_wt_kg ~ 0 + factor(year)","delta_gamma","TRUE","iid, iid","walleye_pollock","02_1","2017","50036680.5356328","24145409.5869573","103691320.290437","17.7282669051443","0.371773190788897","index"
"39","39","39","39","39","39","39","39","39","39","39","39","39","39","39","39",NA,NA,NA,NA,NA,NA,"NBS","walleye pollock","21740",NA,NA,NA,"total_catch_wt_kg ~ 0 + factor(year)","delta_gamma","TRUE","iid, iid","walleye_pollock","02_1","2019","41976323.4909616","19920989.6557153","88450009.9779096","17.5526162908885","0.380278314483901","index"
"40","40","40","40","40","40","40","40","40","40","40","40","40","40","40","40",NA,NA,NA,NA,NA,NA,"NBS","walleye pollock","21740",NA,NA,NA,"total_catch_wt_kg ~ 0 + factor(year)","delta_gamma","TRUE","iid, iid","walleye_pollock","02_1","2021","15257438.6979682","7131629.06206734","32641831.7044067","16.5405777255633","0.388031354308562","index"
"41","41","41","41","41","41","41","41","41","41","41","41","41","41","41","41",NA,NA,NA,NA,NA,NA,"NBS","walleye pollock","21740",NA,NA,NA,"total_catch_wt_kg ~ 0 + factor(year)","delta_gamma","TRUE","iid, iid","walleye_pollock","02_1","2022","11092228.2170412","5236203.29557","23497469.4208337","16.2217552604287","0.382990725640104","index"
"42","42","42","42","42","42","42","42","42","42","42","42","42","42","42","42",NA,NA,NA,NA,NA,NA,"NBS","walleye pollock","21740",NA,NA,NA,"total_catch_wt_kg ~ 0 + factor(year)","delta_gamma","TRUE","iid, iid","walleye_pollock","02_1","2023","25114244.3498936","12327175.290017","51165433.6396877","17.0389457471124","0.363082687379355","index"
"43","43","43","43","43","43","43","43","43","43","43","43","43","43","43",NA,NA,NA,NA,NA,NA,NA,"NBS","walleye pollock","21740",NA,NA,NA,"total_catch_wt_kg ~ 0 + factor(year)","delta_gamma","TRUE","iid, iid","walleye_pollock","02_2","2010","994731.742766504","463342.427839138","2135550.68695504","13.8102283745309","0.389806514753009","index"
"44","44","44","44","44","44","44","44","44","44","44","44","44","44","44",NA,NA,NA,NA,NA,NA,NA,"NBS","walleye pollock","21740",NA,NA,NA,"total_catch_wt_kg ~ 0 + factor(year)","delta_gamma","TRUE","iid, iid","walleye_pollock","02_2","2017","69471704.0526483","37767653.3341228","127789715.216915","18.0564300916996","0.310958024824033","index"
"45","45","45","45","45","45","45","45","45","45","45","45","45","45","45",NA,NA,NA,NA,NA,NA,NA,"NBS","walleye pollock","21740",NA,NA,NA,"total_catch_wt_kg ~ 0 + factor(year)","delta_gamma","TRUE","iid, iid","walleye_pollock","02_2","2019","34750608.9871047","18891849.1340948","63922002.3621317","17.3637076546303","0.310958025338548","index"
"46","46","46","46","46","46","46","46","46","46","46","46","46","46","46",NA,NA,NA,NA,NA,NA,NA,"NBS","walleye pollock","21740",NA,NA,NA,"total_catch_wt_kg ~ 0 + factor(year)","delta_gamma","TRUE","iid, iid","walleye_pollock","02_2","2021","11374057.1654708","6266794.93184583","20643594.9812214","16.246845632814","0.304122948556895","index"
"47","47","47","47","47","47","47","47","47","47","47","47","47","47","47",NA,NA,NA,NA,NA,NA,NA,"NBS","walleye pollock","21740",NA,NA,NA,"total_catch_wt_kg ~ 0 + factor(year)","delta_gamma","TRUE","iid, iid","walleye_pollock","02_2","2022","11547242.4125024","6442565.80788537","20696537.8871094","16.261957214262","0.297719643196389","index"
"48","48","48","48","48","48","48","48","48","48","48","48","48","48","48",NA,NA,NA,NA,NA,NA,NA,"NBS","walleye pollock","21740",NA,NA,NA,"total_catch_wt_kg ~ 0 + factor(year)","delta_gamma","TRUE","iid, iid","walleye_pollock","02_2","2023","11505533.5512624","6165808.16580089","21469578.4785302","16.2583386559749","0.318275685452959","index"
"49","49","49","49","49","49","49","49","49","49","49","49","49","49",NA,NA,NA,NA,NA,NA,NA,NA,"NBS","walleye pollock","21740",NA,NA,NA,"total_catch_wt_kg ~ 0 + factor(year)","delta_gamma","TRUE","iid, iid","walleye_pollock","02_3","2010","728962.64591731","333989.780254365","1591026.34439313","13.4993777695097","0.398227774702174","index"
"50","50","50","50","50","50","50","50","50","50","50","50","50","50",NA,NA,NA,NA,NA,NA,NA,NA,"NBS","walleye pollock","21740",NA,NA,NA,"total_catch_wt_kg ~ 0 + factor(year)","delta_gamma","TRUE","iid, iid","walleye_pollock","02_3","2017","39602292.7253836","20270467.8034873","77370764.4200084","17.4943975716544","0.341701163981637","index"
"51","51","51","51","51","51","51","51","51","51","51","51","51","51",NA,NA,NA,NA,NA,NA,NA,NA,"NBS","walleye pollock","21740",NA,NA,NA,"total_catch_wt_kg ~ 0 + factor(year)","delta_gamma","TRUE","iid, iid","walleye_pollock","02_3","2019","78004331.8000218","39461202.5711212","154193876.088835","18.1722749190095","0.347683115909443","index"
"52","52","52","52","52","52","52","52","52","52","52","52","52","52",NA,NA,NA,NA,NA,NA,NA,NA,"NBS","walleye pollock","21740",NA,NA,NA,"total_catch_wt_kg ~ 0 + factor(year)","delta_gamma","TRUE","iid, iid","walleye_pollock","02_3","2021","31159766.312329","15268362.8347579","63591037.6997761","17.2546382793344","0.36395812780382","index"
"53","53","53","53","53","53","53","53","53","53","53","53","53","53",NA,NA,NA,NA,NA,NA,NA,NA,"NBS","walleye pollock","21740",NA,NA,NA,"total_catch_wt_kg ~ 0 + factor(year)","delta_gamma","TRUE","iid, iid","walleye_pollock","02_3","2022","18039897.610019","8485138.85972109","38353869.1776538","16.7080963968631","0.384838487328522","index"
"54","54","54","54","54","54","54","54","54","54","54","54","54","54",NA,NA,NA,NA,NA,NA,NA,NA,"NBS","walleye pollock","21740",NA,NA,NA,"total_catch_wt_kg ~ 0 + factor(year)","delta_gamma","TRUE","iid, iid","walleye_pollock","02_3","2023","14145472.5325888","4937049.29877541","40529146.2695857","16.4649051684934","0.537064340993999","index"
"55","55","55","55","55","55","55","55","55","55","55","55","55",NA,NA,NA,NA,NA,NA,NA,NA,NA,"NBS","walleye pollock","21740",NA,NA,NA,"total_catch_wt_kg ~ 0 + factor(year)","delta_gamma","TRUE","iid, iid","walleye_pollock","02_1","2010","1157385.64612917","468092.859311481","2861700.42379236","13.9616742662212","0.461871902143012","index"
"56","56","56","56","56","56","56","56","56","56","56","56","56",NA,NA,NA,NA,NA,NA,NA,NA,NA,"NBS","walleye pollock","21740",NA,NA,NA,"total_catch_wt_kg ~ 0 + factor(year)","delta_gamma","TRUE","iid, iid","walleye_pollock","02_1","2017","50036680.5356328","24145409.5869573","103691320.290437","17.7282669051443","0.371773190788897","index"
"57","57","57","57","57","57","57","57","57","57","57","57","57",NA,NA,NA,NA,NA,NA,NA,NA,NA,"NBS","walleye pollock","21740",NA,NA,NA,"total_catch_wt_kg ~ 0 + factor(year)","delta_gamma","TRUE","iid, iid","walleye_pollock","02_1","2019","41976323.4909616","19920989.6557153","88450009.9779096","17.5526162908885","0.380278314483901","index"
"58","58","58","58","58","58","58","58","58","58","58","58","58",NA,NA,NA,NA,NA,NA,NA,NA,NA,"NBS","walleye pollock","21740",NA,NA,NA,"total_catch_wt_kg ~ 0 + factor(year)","delta_gamma","TRUE","iid, iid","walleye_pollock","02_1","2021","15257438.6979682","7131629.06206734","32641831.7044067","16.5405777255633","0.388031354308562","index"
"59","59","59","59","59","59","59","59","59","59","59","59","59",NA,NA,NA,NA,NA,NA,NA,NA,NA,"NBS","walleye pollock","21740",NA,NA,NA,"total_catch_wt_kg ~ 0 + factor(year)","delta_gamma","TRUE","iid, iid","walleye_pollock","02_1","2022","11092228.2170412","5236203.29557","23497469.4208337","16.2217552604287","0.382990725640104","index"
"60","60","60","60","60","60","60","60","60","60","60","60","60",NA,NA,NA,NA,NA,NA,NA,NA,NA,"NBS","walleye pollock","21740",NA,NA,NA,"total_catch_wt_kg ~ 0 + factor(year)","delta_gamma","TRUE","iid, iid","walleye_pollock","02_1","2023","25114244.3498936","12327175.290017","51165433.6396877","17.0389457471124","0.363082687379355","index"
"61","61","61","61","61","61","61","61","61","61","61","61",NA,NA,NA,NA,NA,NA,NA,NA,NA,NA,"NBS","walleye pollock","21740",NA,NA,NA,"total_catch_wt_kg ~ 0 + factor(year)","delta_gamma","TRUE","iid, iid","walleye_pollock","02_2","2010","994731.742766504","463342.427839138","2135550.68695504","13.8102283745309","0.389806514753009","index"
"62","62","62","62","62","62","62","62","62","62","62","62",NA,NA,NA,NA,NA,NA,NA,NA,NA,NA,"NBS","walleye pollock","21740",NA,NA,NA,"total_catch_wt_kg ~ 0 + factor(year)","delta_gamma","TRUE","iid, iid","walleye_pollock","02_2","2017","69471704.0526483","37767653.3341228","127789715.216915","18.0564300916996","0.310958024824033","index"
"63","63","63","63","63","63","63","63","63","63","63","63",NA,NA,NA,NA,NA,NA,NA,NA,NA,NA,"NBS","walleye pollock","21740",NA,NA,NA,"total_catch_wt_kg ~ 0 + factor(year)","delta_gamma","TRUE","iid, iid","walleye_pollock","02_2","2019","34750608.9871047","18891849.1340948","63922002.3621317","17.3637076546303","0.310958025338548","index"
"64","64","64","64","64","64","64","64","64","64","64","64",NA,NA,NA,NA,NA,NA,NA,NA,NA,NA,"NBS","walleye pollock","21740",NA,NA,NA,"total_catch_wt_kg ~ 0 + factor(year)","delta_gamma","TRUE","iid, iid","walleye_pollock","02_2","2021","11374057.1654708","6266794.93184583","20643594.9812214","16.246845632814","0.304122948556895","index"
"65","65","65","65","65","65","65","65","65","65","65","65",NA,NA,NA,NA,NA,NA,NA,NA,NA,NA,"NBS","walleye pollock","21740",NA,NA,NA,"total_catch_wt_kg ~ 0 + factor(year)","delta_gamma","TRUE","iid, iid","walleye_pollock","02_2","2022","11547242.4125024","6442565.80788537","20696537.8871094","16.261957214262","0.297719643196389","index"
"66","66","66","66","66","66","66","66","66","66","66","66",NA,NA,NA,NA,NA,NA,NA,NA,NA,NA,"NBS","walleye pollock","21740",NA,NA,NA,"total_catch_wt_kg ~ 0 + factor(year)","delta_gamma","TRUE","iid, iid","walleye_pollock","02_2","2023","11505533.5512624","6165808.16580089","21469578.4785302","16.2583386559749","0.318275685452959","index"
"67","67","67","67","67","67","67","67","67","67","67",NA,NA,NA,NA,NA,NA,NA,NA,NA,NA,NA,"NBS","walleye pollock","21740",NA,NA,NA,"total_catch_wt_kg ~ 0 + factor(year)","delta_gamma","TRUE","iid, iid","walleye_pollock","02_3","2010","728962.64591731","333989.780254365","1591026.34439313","13.4993777695097","0.398227774702174","index"
"68","68","68","68","68","68","68","68","68","68","68",NA,NA,NA,NA,NA,NA,NA,NA,NA,NA,NA,"NBS","walleye pollock","21740",NA,NA,NA,"total_catch_wt_kg ~ 0 + factor(year)","delta_gamma","TRUE","iid, iid","walleye_pollock","02_3","2017","39602292.7253836","20270467.8034873","77370764.4200084","17.4943975716544","0.341701163981637","index"
"69","69","69","69","69","69","69","69","69","69","69",NA,NA,NA,NA,NA,NA,NA,NA,NA,NA,NA,"NBS","walleye pollock","21740",NA,NA,NA,"total_catch_wt_kg ~ 0 + factor(year)","delta_gamma","TRUE","iid, iid","walleye_pollock","02_3","2019","78004331.8000218","39461202.5711212","154193876.088835","18.1722749190095","0.347683115909443","index"
"70","70","70","70","70","70","70","70","70","70","70",NA,NA,NA,NA,NA,NA,NA,NA,NA,NA,NA,"NBS","walleye pollock","21740",NA,NA,NA,"total_catch_wt_kg ~ 0 + factor(year)","delta_gamma","TRUE","iid, iid","walleye_pollock","02_3","2021","31159766.312329","15268362.8347579","63591037.6997761","17.2546382793344","0.36395812780382","index"
"71","71","71","71","71","71","71","71","71","71","71",NA,NA,NA,NA,NA,NA,NA,NA,NA,NA,NA,"NBS","walleye pollock","21740",NA,NA,NA,"total_catch_wt_kg ~ 0 + factor(year)","delta_gamma","TRUE","iid, iid","walleye_pollock","02_3","2022","18039897.610019","8485138.85972109","38353869.1776538","16.7080963968631","0.384838487328522","index"
"72","72","72","72","72","72","72","72","72","72","72",NA,NA,NA,NA,NA,NA,NA,NA,NA,NA,NA,"NBS","walleye pollock","21740",NA,NA,NA,"total_catch_wt_kg ~ 0 + factor(year)","delta_gamma","TRUE","iid, iid","walleye_pollock","02_3","2023","14145472.5325888","4937049.29877541","40529146.2695857","16.4649051684934","0.537064340993999","index"
"73","73","73","73","73","73","73","73","73","73",NA,NA,NA,NA,NA,NA,NA,NA,NA,NA,NA,NA,"NBS","walleye pollock","21740",NA,NA,NA,"total_catch_wt_kg ~ 0 + factor(year)","delta_gamma","TRUE","iid, iid","walleye_pollock","04_1","2010","1773105.41337926","1049582.01502875","2995385.5553334","14.3882430380996","0.267525566940049","index"
"74","74","74","74","74","74","74","74","74","74",NA,NA,NA,NA,NA,NA,NA,NA,NA,NA,NA,NA,"NBS","walleye pollock","21740",NA,NA,NA,"total_catch_wt_kg ~ 0 + factor(year)","delta_gamma","TRUE","iid, iid","walleye_pollock","04_1","2017","55483283.7674141","34615130.2337696","88932058.2307732","17.8315923399689","0.240714068856591","index"
"75","75","75","75","75","75","75","75","75","75",NA,NA,NA,NA,NA,NA,NA,NA,NA,NA,NA,NA,"NBS","walleye pollock","21740",NA,NA,NA,"total_catch_wt_kg ~ 0 + factor(year)","delta_gamma","TRUE","iid, iid","walleye_pollock","04_1","2019","64692603.4143108","38254986.1409194","109400979.028056","17.9851574316734","0.268052356803988","index"
"76","76","76","76","76","76","76","76","76","76",NA,NA,NA,NA,NA,NA,NA,NA,NA,NA,NA,NA,"NBS","walleye pollock","21740",NA,NA,NA,"total_catch_wt_kg ~ 0 + factor(year)","delta_gamma","TRUE","iid, iid","walleye_pollock","04_1","2021","16057563.249171","9188196.93031095","28062669.9075768","16.591690527024","0.284831892545402","index"
"77","77","77","77","77","77","77","77","77","77",NA,NA,NA,NA,NA,NA,NA,NA,NA,NA,NA,NA,"NBS","walleye pollock","21740",NA,NA,NA,"total_catch_wt_kg ~ 0 + factor(year)","delta_gamma","TRUE","iid, iid","walleye_pollock","04_1","2022","15046106.1294721","7425640.9144673","30486972.4064185","16.5266297867443","0.360302656038575","index"
"78","78","78","78","78","78","78","78","78","78",NA,NA,NA,NA,NA,NA,NA,NA,NA,NA,NA,NA,"NBS","walleye pollock","21740",NA,NA,NA,"total_catch_wt_kg ~ 0 + factor(year)","delta_gamma","TRUE","iid, iid","walleye_pollock","04_1","2023","13933806.9235332","5408074.1066775","35900206.164442","16.4498285979765","0.482878770055425","index"
"79","79","79","79","79","79","79","79","79",NA,NA,NA,NA,NA,NA,NA,NA,NA,NA,NA,NA,NA,"NBS","walleye pollock","21740",NA,NA,NA,"total_catch_wt_kg ~ 0 + factor(year)","delta_gamma","TRUE","iid, iid","walleye_pollock","04_2","2010","1469721.93463105","774120.487248623","2790369.97562615","14.200583780747","0.327098343167115","index"
"80","80","80","80","80","80","80","80","80",NA,NA,NA,NA,NA,NA,NA,NA,NA,NA,NA,NA,NA,"NBS","walleye pollock","21740",NA,NA,NA,"total_catch_wt_kg ~ 0 + factor(year)","delta_gamma","TRUE","iid, iid","walleye_pollock","04_2","2017","47491879.2836412","24535302.6449982","91927889.805417","17.6760692919395","0.336968298644062","index"
"81","81","81","81","81","81","81","81","81",NA,NA,NA,NA,NA,NA,NA,NA,NA,NA,NA,NA,NA,"NBS","walleye pollock","21740",NA,NA,NA,"total_catch_wt_kg ~ 0 + factor(year)","delta_gamma","TRUE","iid, iid","walleye_pollock","04_2","2019","54905581.0155569","33183513.2145453","90847006.0769364","17.8211255591555","0.256924026413637","index"
"82","82","82","82","82","82","82","82","82",NA,NA,NA,NA,NA,NA,NA,NA,NA,NA,NA,NA,NA,"NBS","walleye pollock","21740",NA,NA,NA,"total_catch_wt_kg ~ 0 + factor(year)","delta_gamma","TRUE","iid, iid","walleye_pollock","04_2","2021","14795757.2059185","7928058.18926647","27612616.6168747","16.5098510223594","0.318338669791933","index"
"83","83","83","83","83","83","83","83","83",NA,NA,NA,NA,NA,NA,NA,NA,NA,NA,NA,NA,NA,"NBS","walleye pollock","21740",NA,NA,NA,"total_catch_wt_kg ~ 0 + factor(year)","delta_gamma","TRUE","iid, iid","walleye_pollock","04_2","2022","16911755.9448655","9810821.9741499","29152245.3360464","16.6435195561026","0.277822930907127","index"
"84","84","84","84","84","84","84","84","84",NA,NA,NA,NA,NA,NA,NA,NA,NA,NA,NA,NA,NA,"NBS","walleye pollock","21740",NA,NA,NA,"total_catch_wt_kg ~ 0 + factor(year)","delta_gamma","TRUE","iid, iid","walleye_pollock","04_2","2023","14280486.7161871","7166018.19751531","28458244.9039701","16.4744045980615","0.351814567630984","index"
"85","85","85","85","85","85","85","85",NA,NA,NA,NA,NA,NA,NA,NA,NA,NA,NA,NA,NA,NA,"NBS","walleye pollock","21740",NA,NA,NA,"total_catch_wt_kg ~ 0 + factor(year)","delta_gamma","TRUE","iid, iid","walleye_pollock","04_3","2010","719709.614394478","381346.569824854","1358297.07158438","13.4866030962985","0.324056578885079","index"
"86","86","86","86","86","86","86","86",NA,NA,NA,NA,NA,NA,NA,NA,NA,NA,NA,NA,NA,NA,"NBS","walleye pollock","21740",NA,NA,NA,"total_catch_wt_kg ~ 0 + factor(year)","delta_gamma","TRUE","iid, iid","walleye_pollock","04_3","2017","53425578.9470062","33817720.4700637","84402273.3096241","17.7938001957417","0.233323011043614","index"
"87","87","87","87","87","87","87","87",NA,NA,NA,NA,NA,NA,NA,NA,NA,NA,NA,NA,NA,NA,"NBS","walleye pollock","21740",NA,NA,NA,"total_catch_wt_kg ~ 0 + factor(year)","delta_gamma","TRUE","iid, iid","walleye_pollock","04_3","2019","65764692.2560297","41211345.8161377","104946700.038044","18.001593660425","0.238458208322246","index"
"88","88","88","88","88","88","88","88",NA,NA,NA,NA,NA,NA,NA,NA,NA,NA,NA,NA,NA,NA,"NBS","walleye pollock","21740",NA,NA,NA,"total_catch_wt_kg ~ 0 + factor(year)","delta_gamma","TRUE","iid, iid","walleye_pollock","04_3","2021","22590552.7921343","13754099.3397796","37104070.7826081","16.9330423588015","0.253165308785991","index"
"89","89","89","89","89","89","89","89",NA,NA,NA,NA,NA,NA,NA,NA,NA,NA,NA,NA,NA,NA,"NBS","walleye pollock","21740",NA,NA,NA,"total_catch_wt_kg ~ 0 + factor(year)","delta_gamma","TRUE","iid, iid","walleye_pollock","04_3","2022","15733003.1097639","9903439.50138373","24994082.7948973","16.5712711728812","0.23616683642312","index"
"90","90","90","90","90","90","90","90",NA,NA,NA,NA,NA,NA,NA,NA,NA,NA,NA,NA,NA,NA,"NBS","walleye pollock","21740",NA,NA,NA,"total_catch_wt_kg ~ 0 + factor(year)","delta_gamma","TRUE","iid, iid","walleye_pollock","04_3","2023","19586993.0799285","10997941.5463341","34883827.696015","16.7903762855376","0.29447357655057","index"
"91","91","91","91","91","91","91",NA,NA,NA,NA,NA,NA,NA,NA,NA,NA,NA,NA,NA,NA,NA,"NBS","walleye pollock","21740",NA,NA,NA,"total_catch_wt_kg ~ 0 + factor(year)","delta_gamma","TRUE","iid, iid","walleye_pollock","06_1","2010","860200.095500658","529225.244959785","1398164.98050007","13.6649203103532","0.247836643986311","index"
"92","92","92","92","92","92","92",NA,NA,NA,NA,NA,NA,NA,NA,NA,NA,NA,NA,NA,NA,NA,"NBS","walleye pollock","21740",NA,NA,NA,"total_catch_wt_kg ~ 0 + factor(year)","delta_gamma","TRUE","iid, iid","walleye_pollock","06_1","2017","57623933.3132569","38445898.0792674","86368581.7312543","17.8694485482769","0.206476233842889","index"
"93","93","93","93","93","93","93",NA,NA,NA,NA,NA,NA,NA,NA,NA,NA,NA,NA,NA,NA,NA,"NBS","walleye pollock","21740",NA,NA,NA,"total_catch_wt_kg ~ 0 + factor(year)","delta_gamma","TRUE","iid, iid","walleye_pollock","06_1","2019","62890424.0652838","40724884.9223366","97120113.3325217","17.9569044694654","0.221715595883397","index"
"94","94","94","94","94","94","94",NA,NA,NA,NA,NA,NA,NA,NA,NA,NA,NA,NA,NA,NA,NA,"NBS","walleye pollock","21740",NA,NA,NA,"total_catch_wt_kg ~ 0 + factor(year)","delta_gamma","TRUE","iid, iid","walleye_pollock","06_1","2021","25607278.7661834","16891914.7429362","38819324.8538176","17.0583871958406","0.212269996431031","index"
"95","95","95","95","95","95","95",NA,NA,NA,NA,NA,NA,NA,NA,NA,NA,NA,NA,NA,NA,NA,"NBS","walleye pollock","21740",NA,NA,NA,"total_catch_wt_kg ~ 0 + factor(year)","delta_gamma","TRUE","iid, iid","walleye_pollock","06_1","2022","20759066.1393216","13261580.171123","32495284.9823353","16.8484936315951","0.22863273572786","index"
"96","96","96","96","96","96","96",NA,NA,NA,NA,NA,NA,NA,NA,NA,NA,NA,NA,NA,NA,NA,"NBS","walleye pollock","21740",NA,NA,NA,"total_catch_wt_kg ~ 0 + factor(year)","delta_gamma","TRUE","iid, iid","walleye_pollock","06_1","2023","14176563.8410088","7815536.59310435","25714800.2499941","16.4671007253735","0.30382014600496","index"
"97","97","97","97","97","97",NA,NA,NA,NA,NA,NA,NA,NA,NA,NA,NA,NA,NA,NA,NA,NA,"NBS","walleye pollock","21740",NA,NA,NA,"total_catch_wt_kg ~ 0 + factor(year)","delta_gamma","TRUE","iid, iid","walleye_pollock","06_2","2010","1265009.50995197","811290.919907064","1972472.53852199","14.0505901978641","0.226641007220638","index"
"98","98","98","98","98","98",NA,NA,NA,NA,NA,NA,NA,NA,NA,NA,NA,NA,NA,NA,NA,NA,"NBS","walleye pollock","21740",NA,NA,NA,"total_catch_wt_kg ~ 0 + factor(year)","delta_gamma","TRUE","iid, iid","walleye_pollock","06_2","2017","61634481.0296388","43274584.8427917","87783840.4595504","17.9367320288729","0.180440031626709","index"
"99","99","99","99","99","99",NA,NA,NA,NA,NA,NA,NA,NA,NA,NA,NA,NA,NA,NA,NA,NA,"NBS","walleye pollock","21740",NA,NA,NA,"total_catch_wt_kg ~ 0 + factor(year)","delta_gamma","TRUE","iid, iid","walleye_pollock","06_2","2019","65863204.9233953","44814312.2431293","96798579.4191509","18.0030904963977","0.196458906059824","index"
"100","100","100","100","100","100",NA,NA,NA,NA,NA,NA,NA,NA,NA,NA,NA,NA,NA,NA,NA,NA,"NBS","walleye pollock","21740",NA,NA,NA,"total_catch_wt_kg ~ 0 + factor(year)","delta_gamma","TRUE","iid, iid","walleye_pollock","06_2","2021","29396593.3817908","19553408.4840787","44194837.0872519","17.1963893542276","0.208028913405087","index"
"101","101","101","101","101","101",NA,NA,NA,NA,NA,NA,NA,NA,NA,NA,NA,NA,NA,NA,NA,NA,"NBS","walleye pollock","21740",NA,NA,NA,"total_catch_wt_kg ~ 0 + factor(year)","delta_gamma","TRUE","iid, iid","walleye_pollock","06_2","2022","16707088.1165605","10637817.5192168","26239103.3527587","16.631343625456","0.230319397985562","index"
"102","102","102","102","102","102",NA,NA,NA,NA,NA,NA,NA,NA,NA,NA,NA,NA,NA,NA,NA,NA,"NBS","walleye pollock","21740",NA,NA,NA,"total_catch_wt_kg ~ 0 + factor(year)","delta_gamma","TRUE","iid, iid","walleye_pollock","06_2","2023","17483108.5183323","10002054.635765","30559629.4556137","16.6767457452378","0.284925976299912","index"
"103","103","103","103","103",NA,NA,NA,NA,NA,NA,NA,NA,NA,NA,NA,NA,NA,NA,NA,NA,NA,"NBS","walleye pollock","21740",NA,NA,NA,"total_catch_wt_kg ~ 0 + factor(year)","delta_gamma","TRUE","iid, iid","walleye_pollock","06_3","2010","1672303.7761522","1088356.26323302","2569562.94019522","14.3297127404257","0.219153843229111","index"
"104","104","104","104","104",NA,NA,NA,NA,NA,NA,NA,NA,NA,NA,NA,NA,NA,NA,NA,NA,NA,"NBS","walleye pollock","21740",NA,NA,NA,"total_catch_wt_kg ~ 0 + factor(year)","delta_gamma","TRUE","iid, iid","walleye_pollock","06_3","2017","52504309.5902302","34603265.6254912","79665964.345167","17.7764058116258","0.212732069109832","index"
"105","105","105","105","105",NA,NA,NA,NA,NA,NA,NA,NA,NA,NA,NA,NA,NA,NA,NA,NA,NA,"NBS","walleye pollock","21740",NA,NA,NA,"total_catch_wt_kg ~ 0 + factor(year)","delta_gamma","TRUE","iid, iid","walleye_pollock","06_3","2019","60067171.4346931","37444064.2995747","96358799.4961803","17.9109740178984","0.241134665195012","index"
"106","106","106","106","106",NA,NA,NA,NA,NA,NA,NA,NA,NA,NA,NA,NA,NA,NA,NA,NA,NA,"NBS","walleye pollock","21740",NA,NA,NA,"total_catch_wt_kg ~ 0 + factor(year)","delta_gamma","TRUE","iid, iid","walleye_pollock","06_3","2021","23375170.763018","13554451.2252412","40311378.0942116","16.9671849384821","0.278045610903246","index"
"107","107","107","107","107",NA,NA,NA,NA,NA,NA,NA,NA,NA,NA,NA,NA,NA,NA,NA,NA,NA,"NBS","walleye pollock","21740",NA,NA,NA,"total_catch_wt_kg ~ 0 + factor(year)","delta_gamma","TRUE","iid, iid","walleye_pollock","06_3","2022","17896056.046438","10669769.8071701","30016469.6900987","16.700090913933","0.26386498364412","index"
"108","108","108","108","108",NA,NA,NA,NA,NA,NA,NA,NA,NA,NA,NA,NA,NA,NA,NA,NA,NA,"NBS","walleye pollock","21740",NA,NA,NA,"total_catch_wt_kg ~ 0 + factor(year)","delta_gamma","TRUE","iid, iid","walleye_pollock","06_3","2023","11585131.8232352","5477190.33161645","24504403.0306916","16.2652330945698","0.382216350017504","index"
"109","109","109","109",NA,NA,NA,NA,NA,NA,NA,NA,NA,NA,NA,NA,NA,NA,NA,NA,NA,NA,"NBS","walleye pollock","21740",NA,NA,NA,"total_catch_wt_kg ~ 0 + factor(year)","delta_gamma","TRUE","iid, iid","walleye_pollock","08_1","2010","1590034.79148804","1036594.30365706","2438958.64488451","14.279266455396","0.218277105735571","index"
"110","110","110","110",NA,NA,NA,NA,NA,NA,NA,NA,NA,NA,NA,NA,NA,NA,NA,NA,NA,NA,"NBS","walleye pollock","21740",NA,NA,NA,"total_catch_wt_kg ~ 0 + factor(year)","delta_gamma","TRUE","iid, iid","walleye_pollock","08_1","2017","46252103.3077827","33060751.4398047","64706849.2768183","17.6496174978137","0.171309330572714","index"
"111","111","111","111",NA,NA,NA,NA,NA,NA,NA,NA,NA,NA,NA,NA,NA,NA,NA,NA,NA,NA,"NBS","walleye pollock","21740",NA,NA,NA,"total_catch_wt_kg ~ 0 + factor(year)","delta_gamma","TRUE","iid, iid","walleye_pollock","08_1","2019","75791840.8486294","49045424.4291684","117124139.633455","18.1435012042995","0.22206721751892","index"
"112","112","112","112",NA,NA,NA,NA,NA,NA,NA,NA,NA,NA,NA,NA,NA,NA,NA,NA,NA,NA,"NBS","walleye pollock","21740",NA,NA,NA,"total_catch_wt_kg ~ 0 + factor(year)","delta_gamma","TRUE","iid, iid","walleye_pollock","08_1","2021","22183897.9759523","15078554.6958535","32637433.7152348","16.9148772672748","0.196989943090457","index"
"113","113","113","113",NA,NA,NA,NA,NA,NA,NA,NA,NA,NA,NA,NA,NA,NA,NA,NA,NA,NA,"NBS","walleye pollock","21740",NA,NA,NA,"total_catch_wt_kg ~ 0 + factor(year)","delta_gamma","TRUE","iid, iid","walleye_pollock","08_1","2022","24445363.7036473","14622208.4429807","40867684.8599063","17.0119511323316","0.262198223648858","index"
"114","114","114","114",NA,NA,NA,NA,NA,NA,NA,NA,NA,NA,NA,NA,NA,NA,NA,NA,NA,NA,"NBS","walleye pollock","21740",NA,NA,NA,"total_catch_wt_kg ~ 0 + factor(year)","delta_gamma","TRUE","iid, iid","walleye_pollock","08_1","2023","10599327.7439733","5029931.08511414","22335444.9043338","16.1763011366913","0.380305098135084","index"
"115","115","115",NA,NA,NA,NA,NA,NA,NA,NA,NA,NA,NA,NA,NA,NA,NA,NA,NA,NA,NA,"NBS","walleye pollock","21740",NA,NA,NA,"total_catch_wt_kg ~ 0 + factor(year)","delta_gamma","TRUE","iid, iid","walleye_pollock","08_2","2010","1361794.92474392","910040.133633849","2037806.18955037","14.1243141851507","0.20565184254162","index"
"116","116","116",NA,NA,NA,NA,NA,NA,NA,NA,NA,NA,NA,NA,NA,NA,NA,NA,NA,NA,NA,"NBS","walleye pollock","21740",NA,NA,NA,"total_catch_wt_kg ~ 0 + factor(year)","delta_gamma","TRUE","iid, iid","walleye_pollock","08_2","2017","57951980.9778976","40160441.7726913","83625377.3868174","17.8751253114263","0.187111743233942","index"
"117","117","117",NA,NA,NA,NA,NA,NA,NA,NA,NA,NA,NA,NA,NA,NA,NA,NA,NA,NA,NA,"NBS","walleye pollock","21740",NA,NA,NA,"total_catch_wt_kg ~ 0 + factor(year)","delta_gamma","TRUE","iid, iid","walleye_pollock","08_2","2019","62996809.8784563","42725382.1629157","92886192.0937245","17.9585946462238","0.198111249822165","index"
"118","118","118",NA,NA,NA,NA,NA,NA,NA,NA,NA,NA,NA,NA,NA,NA,NA,NA,NA,NA,NA,"NBS","walleye pollock","21740",NA,NA,NA,"total_catch_wt_kg ~ 0 + factor(year)","delta_gamma","TRUE","iid, iid","walleye_pollock","08_2","2021","25673892.8588143","17057100.8294921","38643658.2110243","17.0609851914787","0.208630387482792","index"
"119","119","119",NA,NA,NA,NA,NA,NA,NA,NA,NA,NA,NA,NA,NA,NA,NA,NA,NA,NA,NA,"NBS","walleye pollock","21740",NA,NA,NA,"total_catch_wt_kg ~ 0 + factor(year)","delta_gamma","TRUE","iid, iid","walleye_pollock","08_2","2022","19650697.814253","12138415.8877898","31812217.3565925","16.7936234078247","0.245788985688328","index"
"120","120","120",NA,NA,NA,NA,NA,NA,NA,NA,NA,NA,NA,NA,NA,NA,NA,NA,NA,NA,NA,"NBS","walleye pollock","21740",NA,NA,NA,"total_catch_wt_kg ~ 0 + factor(year)","delta_gamma","TRUE","iid, iid","walleye_pollock","08_2","2023","15626009.6049339","7991328.52804483","30554641.2360082","16.5644473662151","0.342138832007175","index"
"121","121",NA,NA,NA,NA,NA,NA,NA,NA,NA,NA,NA,NA,NA,NA,NA,NA,NA,NA,NA,NA,"NBS","walleye pollock","21740",NA,NA,NA,"total_catch_wt_kg ~ 0 + factor(year)","delta_gamma","TRUE","iid, iid","walleye_pollock","08_3","2010","1481367.38157332","993383.965428905","2209064.56673267","14.2084761256699","0.203883126628423","index"
"122","122",NA,NA,NA,NA,NA,NA,NA,NA,NA,NA,NA,NA,NA,NA,NA,NA,NA,NA,NA,NA,"NBS","walleye pollock","21740",NA,NA,NA,"total_catch_wt_kg ~ 0 + factor(year)","delta_gamma","TRUE","iid, iid","walleye_pollock","08_3","2017","50351264.6944478","35714971.0392165","70985633.8269611","17.7345342948759","0.175234739974749","index"
"123","123",NA,NA,NA,NA,NA,NA,NA,NA,NA,NA,NA,NA,NA,NA,NA,NA,NA,NA,NA,NA,"NBS","walleye pollock","21740",NA,NA,NA,"total_catch_wt_kg ~ 0 + factor(year)","delta_gamma","TRUE","iid, iid","walleye_pollock","08_3","2019","64542649.1231552","43633402.9522007","95471663.3125821","17.9828367899675","0.199750227709143","index"
"124","124",NA,NA,NA,NA,NA,NA,NA,NA,NA,NA,NA,NA,NA,NA,NA,NA,NA,NA,NA,NA,"NBS","walleye pollock","21740",NA,NA,NA,"total_catch_wt_kg ~ 0 + factor(year)","delta_gamma","TRUE","iid, iid","walleye_pollock","08_3","2021","22198817.4812117","14614370.6014863","33719378.7540894","16.9155495788117","0.213286413296916","index"
"125","125",NA,NA,NA,NA,NA,NA,NA,NA,NA,NA,NA,NA,NA,NA,NA,NA,NA,NA,NA,NA,"NBS","walleye pollock","21740",NA,NA,NA,"total_catch_wt_kg ~ 0 + factor(year)","delta_gamma","TRUE","iid, iid","walleye_pollock","08_3","2022","20683167.3772914","12902452.4355042","33155976.7335297","16.8448307572542","0.240771156222306","index"
"126","126",NA,NA,NA,NA,NA,NA,NA,NA,NA,NA,NA,NA,NA,NA,NA,NA,NA,NA,NA,NA,"NBS","walleye pollock","21740",NA,NA,NA,"total_catch_wt_kg ~ 0 + factor(year)","delta_gamma","TRUE","iid, iid","walleye_pollock","08_3","2023","12946095.5103184","6737485.85742474","24875954.103501","16.3763047956533","0.33322418457242","index"
"127",NA,NA,NA,NA,NA,NA,NA,NA,NA,NA,NA,NA,NA,NA,NA,NA,NA,NA,NA,NA,NA,"NBS","walleye pollock","21740",NA,NA,NA,"total_catch_wt_kg ~ 0 + factor(year)","delta_gamma","TRUE","iid, iid","walleye_pollock","1_1","2010","1313442.52280917","903455.33329293","1909481.51740445","14.0881621283449","0.190911762115004","index"
"128",NA,NA,NA,NA,NA,NA,NA,NA,NA,NA,NA,NA,NA,NA,NA,NA,NA,NA,NA,NA,NA,"NBS","walleye pollock","21740",NA,NA,NA,"total_catch_wt_kg ~ 0 + factor(year)","delta_gamma","TRUE","iid, iid","walleye_pollock","1_1","2017","51193915.269411","37365112.2546132","70140749.0161645","17.7511312405531","0.16065766688731","index"
"129",NA,NA,NA,NA,NA,NA,NA,NA,NA,NA,NA,NA,NA,NA,NA,NA,NA,NA,NA,NA,NA,"NBS","walleye pollock","21740",NA,NA,NA,"total_catch_wt_kg ~ 0 + factor(year)","delta_gamma","TRUE","iid, iid","walleye_pollock","1_1","2019","66891035.1808546","45912317.1148929","97455560.2665263","18.0185755128435","0.192009409382025","index"
"130",NA,NA,NA,NA,NA,NA,NA,NA,NA,NA,NA,NA,NA,NA,NA,NA,NA,NA,NA,NA,NA,"NBS","walleye pollock","21740",NA,NA,NA,"total_catch_wt_kg ~ 0 + factor(year)","delta_gamma","TRUE","iid, iid","walleye_pollock","1_1","2021","24759930.2886227","16696317.8858731","36717924.9992697","17.024737190293","0.201043706007129","index"
"131",NA,NA,NA,NA,NA,NA,NA,NA,NA,NA,NA,NA,NA,NA,NA,NA,NA,NA,NA,NA,NA,"NBS","walleye pollock","21740",NA,NA,NA,"total_catch_wt_kg ~ 0 + factor(year)","delta_gamma","TRUE","iid, iid","walleye_pollock","1_1","2022","21421556.3177903","13318218.0051501","34455290.8578919","16.8799082775709","0.242486520461678","index"
"132",NA,NA,NA,NA,NA,NA,NA,NA,NA,NA,NA,NA,NA,NA,NA,NA,NA,NA,NA,NA,NA,"NBS","walleye pollock","21740",NA,NA,NA,"total_catch_wt_kg ~ 0 + factor(year)","delta_gamma","TRUE","iid, iid","walleye_pollock","1_1","2023","12473635.5056979","6058588.68349601","25681159.5665583","16.3391278153188","0.368445737067063","index"
